dataset,filename,emorin,lleboul,mtorte
ELAN,2020_01_14_02_00_00_000000+0000.wav,FINISHED,UNASSIGNED,FINISHED
ELAN,2020_01_14_04_00_00_000000+0000.wav,CREATED,UNASSIGNED,FINISHED
ELAN,2020_01_14_08_00_00_000000+0000.wav,CREATED,UNASSIGNED,FINISHED
ELAN,2020_01_14_16_00_00_000000+0000.wav,CREATED,UNASSIGNED,FINISHED
ELAN,2020_01_15_17_00_00_000000+0000.wav,CREATED,UNASSIGNED,FINISHED
ELAN,2020_01_15_20_00_00_000000+0000.wav,CREATED,UNASSIGNED,FINISHED
ELAN,2020_01_15_22_00_00_000000+0000.wav,CREATED,UNASSIGNED,FINISHED
ELAN,2020_01_16_02_00_00_000000+0000.wav,CREATED,UNASSIGNED,FINISHED
ELAN,2020_01_16_06_00_00_000000+0000.wav,CREATED,UNASSIGNED,FINISHED
ELAN,2020_01_18_19_00_00_000000+0000.wav,CREATED,FINISHED,FINISHED
ELAN,2020_01_20_03_00_00_000000+0000.wav,CREATED,FINISHED,FINISHED
ELAN,2020_01_20_05_00_00_000000+0000.wav,CREATED,FINISHED,CREATED
ELAN,2020_01_20_20_00_00_000000+0000.wav,CREATED,FINISHED,CREATED
ELAN,2020_01_20_21_00_00_000000+0000.wav,CREATED,FINISHED,CREATED
ELAN,2020_01_20_22_00_00_000000+0000.wav,CREATED,FINISHED,CREATED
ELAN,2020_01_21_03_00_00_000000+0000.wav,CREATED,FINISHED,CREATED
ELAN,2020_01_21_04_00_00_000000+0000.wav,CREATED,FINISHED,CREATED
ELAN,2020_01_21_12_00_00_000000+0000.wav,CREATED,FINISHED,CREATED
ELAN,2020_01_21_19_00_00_000000+0000.wav,CREATED,FINISHED,CREATED
ELAN,2020_01_21_23_00_00_000000+0000.wav,CREATED,FINISHED,CREATED
ELAN,2020_01_22_02_00_00_000000+0000.wav,CREATED,FINISHED,CREATED
ELAN,2020_01_22_13_00_00_000000+0000.wav,CREATED,FINISHED,CREATED
ELAN,2020_01_25_00_00_00_000000+0000.wav,CREATED,FINISHED,CREATED
ELAN,2020_01_25_15_00_00_000000+0000.wav,CREATED,FINISHED,CREATED
ELAN,2020_01_26_11_00_00_000000+0000.wav,CREATED,FINISHED,CREATED
ELAN,2020_01_26_15_00_00_000000+0000.wav,CREATED,FINISHED,CREATED
ELAN,2020_01_26_18_00_00_000000+0000.wav,CREATED,FINISHED,CREATED
ELAN,2020_01_26_20_00_00_000000+0000.wav,CREATED,FINISHED,CREATED
ELAN,2020_01_27_12_00_00_000000+0000.wav,CREATED,FINISHED,CREATED
ELAN,2020_01_27_15_00_00_000000+0000.wav,CREATED,FINISHED,CREATED
ELAN,2020_01_27_17_00_00_000000+0000.wav,CREATED,FINISHED,CREATED
ELAN,2020_01_27_19_00_00_000000+0000.wav,CREATED,FINISHED,CREATED
ELAN,2020_01_28_04_00_00_000000+0000.wav,CREATED,FINISHED,CREATED
ELAN,2020_01_28_07_00_00_000000+0000.wav,CREATED,FINISHED,CREATED
ELAN,2020_01_28_08_00_00_000000+0000.wav,CREATED,FINISHED,CREATED
ELAN,2020_01_29_07_00_00_000000+0000.wav,CREATED,FINISHED,CREATED
ELAN,2020_01_29_10_00_00_000000+0000.wav,CREATED,FINISHED,CREATED
ELAN,2020_01_30_03_00_00_000000+0000.wav,CREATED,FINISHED,CREATED
ELAN,2020_01_30_11_00_00_000000+0000.wav,CREATED,FINISHED,CREATED
ELAN,2020_01_30_15_00_00_000000+0000.wav,CREATED,FINISHED,CREATED
ELAN,2020_01_31_21_00_00_000000+0000.wav,CREATED,FINISHED,CREATED
ELAN,2020_02_01_19_00_00_000000+0000.wav,CREATED,FINISHED,CREATED
ELAN,2020_02_02_02_00_00_000000+0000.wav,CREATED,FINISHED,CREATED
ELAN,2020_02_02_12_00_00_000000+0000.wav,CREATED,FINISHED,CREATED
ELAN,2020_02_02_20_00_00_000000+0000.wav,CREATED,FINISHED,CREATED
ELAN,2020_02_04_00_00_00_000000+0000.wav,CREATED,FINISHED,CREATED
ELAN,2020_02_04_01_00_00_000000+0000.wav,CREATED,FINISHED,CREATED
ELAN,2020_02_04_12_00_00_000000+0000.wav,CREATED,FINISHED,CREATED
ELAN,2020_02_04_16_00_00_000000+0000.wav,CREATED,FINISHED,CREATED
ELAN,2020_02_06_01_00_00_000000+0000.wav,CREATED,FINISHED,CREATED
ELAN,2020_02_06_08_00_00_000000+0000.wav,CREATED,FINISHED,CREATED
ELAN,2020_02_06_11_00_00_000000+0000.wav,CREATED,FINISHED,CREATED
ELAN,2020_02_06_15_00_00_000000+0000.wav,CREATED,FINISHED,CREATED
ELAN,2020_02_07_10_00_00_000000+0000.wav,CREATED,FINISHED,CREATED
ELAN,2020_02_07_18_00_00_000000+0000.wav,CREATED,FINISHED,CREATED
ELAN,2020_02_07_23_00_00_000000+0000.wav,CREATED,FINISHED,CREATED
ELAN,2020_02_08_08_00_00_000000+0000.wav,CREATED,FINISHED,CREATED
ELAN,2020_02_08_11_00_00_000000+0000.wav,CREATED,FINISHED,CREATED
ELAN,2020_02_08_22_00_00_000000+0000.wav,CREATED,FINISHED,CREATED
ELAN,2020_02_08_23_00_00_000000+0000.wav,CREATED,FINISHED,CREATED
ELAN,2020_02_09_18_00_00_000000+0000.wav,CREATED,FINISHED,CREATED
ELAN,2020_02_09_22_00_00_000000+0000.wav,CREATED,FINISHED,CREATED
ELAN,2020_02_09_23_00_00_000000+0000.wav,CREATED,FINISHED,CREATED
ELAN,2020_02_10_04_00_00_000000+0000.wav,CREATED,FINISHED,CREATED
ELAN,2020_02_10_17_00_00_000000+0000.wav,CREATED,FINISHED,CREATED
ELAN,2020_02_10_22_00_00_000000+0000.wav,CREATED,FINISHED,CREATED
ELAN,2020_02_11_00_00_00_000000+0000.wav,CREATED,FINISHED,CREATED
ELAN,2020_02_11_03_00_00_000000+0000.wav,CREATED,FINISHED,CREATED
ELAN,2020_02_11_22_00_00_000000+0000.wav,CREATED,FINISHED,CREATED
ELAN,2020_02_11_23_00_00_000000+0000.wav,CREATED,FINISHED,CREATED
ELAN,2020_02_12_00_00_00_000000+0000.wav,CREATED,FINISHED,CREATED
ELAN,2020_02_12_02_00_00_000000+0000.wav,CREATED,FINISHED,CREATED
ELAN,2020_02_12_11_00_00_000000+0000.wav,CREATED,FINISHED,CREATED
ELAN,2020_02_13_00_00_00_000000+0000.wav,CREATED,FINISHED,CREATED
ELAN,2020_02_13_02_00_00_000000+0000.wav,CREATED,FINISHED,CREATED
ELAN,2020_02_13_09_00_00_000000+0000.wav,CREATED,FINISHED,CREATED
ELAN,2020_02_13_10_00_00_000000+0000.wav,CREATED,FINISHED,CREATED
ELAN,2020_02_13_16_00_00_000000+0000.wav,CREATED,FINISHED,CREATED
ELAN,2020_02_13_19_00_00_000000+0000.wav,CREATED,FINISHED,CREATED
ELAN,2020_02_13_22_00_00_000000+0000.wav,CREATED,FINISHED,CREATED
ELAN,2020_02_13_23_00_00_000000+0000.wav,CREATED,FINISHED,CREATED
ELAN,2020_02_14_17_00_00_000000+0000.wav,CREATED,FINISHED,CREATED
ELAN,2020_02_15_06_00_00_000000+0000.wav,CREATED,FINISHED,CREATED
ELAN,2020_02_15_07_00_00_000000+0000.wav,CREATED,FINISHED,CREATED
ELAN,2020_02_16_01_00_00_000000+0000.wav,CREATED,FINISHED,CREATED
ELAN,2020_02_16_02_00_00_000000+0000.wav,CREATED,FINISHED,CREATED
ELAN,2020_02_17_12_00_00_000000+0000.wav,CREATED,FINISHED,CREATED
ELAN,2020_02_18_04_00_00_000000+0000.wav,CREATED,FINISHED,CREATED
ELAN,2020_02_18_20_00_00_000000+0000.wav,CREATED,FINISHED,CREATED
ELAN,2020_02_19_02_00_00_000000+0000.wav,CREATED,FINISHED,CREATED
ELAN,2020_02_19_14_00_00_000000+0000.wav,CREATED,FINISHED,CREATED
ELAN,2020_02_20_04_00_00_000000+0000.wav,CREATED,FINISHED,CREATED
ELAN,2020_02_20_23_00_00_000000+0000.wav,CREATED,FINISHED,CREATED
ELAN,2020_02_21_08_00_00_000000+0000.wav,CREATED,FINISHED,CREATED
ELAN,2020_02_21_12_00_00_000000+0000.wav,CREATED,FINISHED,CREATED
ELAN,2020_02_21_14_00_00_000000+0000.wav,CREATED,FINISHED,CREATED
ELAN,2020_02_21_23_00_00_000000+0000.wav,CREATED,FINISHED,CREATED
ELAN,2020_02_22_01_00_00_000000+0000.wav,CREATED,FINISHED,CREATED
ELAN,2020_02_22_09_00_00_000000+0000.wav,CREATED,FINISHED,CREATED
ELAN,2020_02_22_10_00_00_000000+0000.wav,CREATED,FINISHED,CREATED
ELAN,2020_02_22_17_00_00_000000+0000.wav,CREATED,FINISHED,CREATED
ELAN,2020_02_23_05_00_00_000000+0000.wav,CREATED,FINISHED,CREATED
ELAN,2020_02_23_15_00_00_000000+0000.wav,CREATED,FINISHED,CREATED
ELAN,2020_02_24_12_00_00_000000+0000.wav,CREATED,FINISHED,CREATED
ELAN,2020_02_24_14_00_00_000000+0000.wav,CREATED,FINISHED,CREATED
ELAN,2020_02_24_16_00_00_000000+0000.wav,CREATED,FINISHED,CREATED
ELAN,2020_02_24_19_00_00_000000+0000.wav,CREATED,FINISHED,CREATED
ELAN,2020_02_24_22_00_00_000000+0000.wav,CREATED,FINISHED,CREATED
ELAN,2020_02_25_10_00_00_000000+0000.wav,CREATED,FINISHED,CREATED
ELAN,2020_02_26_06_00_00_000000+0000.wav,CREATED,FINISHED,CREATED
ELAN,2020_02_26_10_00_00_000000+0000.wav,CREATED,FINISHED,CREATED
ELAN,2020_02_26_18_00_00_000000+0000.wav,CREATED,FINISHED,CREATED
ELAN,2020_02_26_20_00_00_000000+0000.wav,CREATED,FINISHED,CREATED
ELAN,2020_02_27_05_00_00_000000+0000.wav,CREATED,FINISHED,CREATED
ELAN,2020_02_27_12_00_00_000000+0000.wav,CREATED,FINISHED,CREATED
ELAN,2020_02_28_10_00_00_000000+0000.wav,CREATED,FINISHED,CREATED
ELAN,2020_02_28_15_00_00_000000+0000.wav,CREATED,FINISHED,CREATED
ELAN,2020_02_28_17_00_00_000000+0000.wav,CREATED,FINISHED,CREATED
ELAN,2020_02_29_03_00_00_000000+0000.wav,CREATED,FINISHED,CREATED
ELAN,2020_02_29_17_00_00_000000+0000.wav,CREATED,FINISHED,CREATED
ELAN,2020_03_01_09_00_00_000000+0000.wav,CREATED,FINISHED,CREATED
ELAN,2020_03_02_18_00_00_000000+0000.wav,CREATED,FINISHED,CREATED
ELAN,2020_03_03_15_00_00_000000+0000.wav,CREATED,FINISHED,CREATED
ELAN,2020_03_03_21_00_00_000000+0000.wav,CREATED,FINISHED,CREATED
ELAN,2020_03_04_05_00_00_000000+0000.wav,CREATED,FINISHED,CREATED
ELAN,2020_03_04_07_00_00_000000+0000.wav,CREATED,FINISHED,CREATED
ELAN,2020_03_04_09_00_00_000000+0000.wav,CREATED,FINISHED,CREATED
ELAN,2020_03_04_10_00_00_000000+0000.wav,CREATED,FINISHED,CREATED
ELAN,2020_03_04_13_00_00_000000+0000.wav,CREATED,FINISHED,CREATED
ELAN,2020_03_04_15_00_00_000000+0000.wav,CREATED,FINISHED,CREATED
ELAN,2020_03_04_19_00_00_000000+0000.wav,CREATED,FINISHED,CREATED
ELAN,2020_03_05_06_00_00_000000+0000.wav,CREATED,FINISHED,CREATED
ELAN,2020_03_05_15_00_00_000000+0000.wav,CREATED,FINISHED,CREATED
ELAN,2020_03_06_10_00_00_000000+0000.wav,CREATED,FINISHED,CREATED
ELAN,2020_03_06_17_00_00_000000+0000.wav,CREATED,FINISHED,CREATED
ELAN,2020_03_06_21_00_00_000000+0000.wav,CREATED,FINISHED,CREATED
ELAN,2020_03_07_06_00_00_000000+0000.wav,CREATED,FINISHED,CREATED
ELAN,2020_03_08_05_00_00_000000+0000.wav,CREATED,FINISHED,CREATED
ELAN,2020_03_08_06_00_00_000000+0000.wav,CREATED,FINISHED,CREATED
ELAN,2020_03_08_11_00_00_000000+0000.wav,CREATED,FINISHED,CREATED
ELAN,2020_03_08_14_00_00_000000+0000.wav,CREATED,FINISHED,CREATED
ELAN,2020_03_09_15_00_00_000000+0000.wav,CREATED,FINISHED,CREATED
ELAN,2020_03_10_16_00_00_000000+0000.wav,CREATED,FINISHED,CREATED
ELAN,2020_03_11_12_00_00_000000+0000.wav,CREATED,FINISHED,CREATED
ELAN,2020_03_11_14_00_00_000000+0000.wav,CREATED,FINISHED,CREATED
ELAN,2020_03_11_18_00_00_000000+0000.wav,CREATED,FINISHED,CREATED
ELAN,2020_03_12_01_00_00_000000+0000.wav,CREATED,FINISHED,CREATED
ELAN,2020_03_12_20_00_00_000000+0000.wav,CREATED,FINISHED,CREATED
ELAN,2020_03_13_11_00_00_000000+0000.wav,CREATED,FINISHED,CREATED
ELAN,2020_03_13_18_00_00_000000+0000.wav,CREATED,FINISHED,CREATED
ELAN,2020_03_14_00_00_00_000000+0000.wav,CREATED,FINISHED,CREATED
ELAN,2020_03_14_02_00_00_000000+0000.wav,CREATED,FINISHED,CREATED
ELAN,2020_03_14_03_00_00_000000+0000.wav,CREATED,FINISHED,CREATED
ELAN,2020_03_14_19_00_00_000000+0000.wav,CREATED,FINISHED,CREATED
ELAN,2020_03_15_05_00_00_000000+0000.wav,CREATED,FINISHED,CREATED
ELAN,2020_03_15_08_00_00_000000+0000.wav,CREATED,FINISHED,CREATED
ELAN,2020_03_15_15_00_00_000000+0000.wav,CREATED,FINISHED,CREATED
ELAN,2020_03_15_17_00_00_000000+0000.wav,CREATED,FINISHED,CREATED
ELAN,2020_03_15_18_00_00_000000+0000.wav,CREATED,FINISHED,CREATED
ELAN,2020_03_16_13_00_00_000000+0000.wav,CREATED,FINISHED,CREATED
ELAN,2020_03_17_02_00_00_000000+0000.wav,CREATED,FINISHED,CREATED
ELAN,2020_03_17_12_00_00_000000+0000.wav,CREATED,FINISHED,CREATED
ELAN,2020_03_17_13_00_00_000000+0000.wav,CREATED,FINISHED,CREATED
ELAN,2020_03_17_21_00_00_000000+0000.wav,CREATED,FINISHED,CREATED
ELAN,2020_03_18_11_00_00_000000+0000.wav,CREATED,FINISHED,CREATED
ELAN,2020_03_18_12_00_00_000000+0000.wav,CREATED,FINISHED,CREATED
ELAN,2020_03_18_16_00_00_000000+0000.wav,CREATED,FINISHED,CREATED
ELAN,2020_03_18_17_00_00_000000+0000.wav,CREATED,FINISHED,CREATED
ELAN,2020_03_18_22_00_00_000000+0000.wav,CREATED,FINISHED,CREATED
ELAN,2020_03_19_04_00_00_000000+0000.wav,CREATED,FINISHED,CREATED
ELAN,2020_03_19_06_00_00_000000+0000.wav,CREATED,FINISHED,CREATED
ELAN,2020_03_19_21_00_00_000000+0000.wav,CREATED,FINISHED,CREATED
ELAN,2020_03_19_22_00_00_000000+0000.wav,CREATED,FINISHED,CREATED
ELAN,2020_03_20_22_00_00_000000+0000.wav,CREATED,FINISHED,CREATED
ELAN,2020_03_21_15_00_00_000000+0000.wav,CREATED,FINISHED,CREATED
ELAN,2020_03_22_01_00_00_000000+0000.wav,CREATED,FINISHED,CREATED
ELAN,2020_03_22_06_00_00_000000+0000.wav,CREATED,FINISHED,CREATED
ELAN,2020_03_22_20_00_00_000000+0000.wav,CREATED,FINISHED,CREATED
ELAN,2020_03_23_09_00_00_000000+0000.wav,CREATED,FINISHED,CREATED
ELAN,2020_03_23_22_00_00_000000+0000.wav,CREATED,FINISHED,CREATED
ELAN,2020_03_24_05_00_00_000000+0000.wav,CREATED,FINISHED,CREATED
ELAN,2020_03_24_06_00_00_000000+0000.wav,CREATED,FINISHED,CREATED
ELAN,2020_03_24_18_00_00_000000+0000.wav,CREATED,FINISHED,CREATED
ELAN,2020_03_25_01_00_00_000000+0000.wav,CREATED,FINISHED,CREATED
ELAN,2020_03_27_00_00_00_000000+0000.wav,CREATED,FINISHED,CREATED
ELAN,2020_03_27_01_00_00_000000+0000.wav,CREATED,FINISHED,CREATED
ELAN,2020_03_27_21_00_00_000000+0000.wav,CREATED,FINISHED,CREATED
ELAN,2020_03_28_09_00_00_000000+0000.wav,CREATED,FINISHED,CREATED
ELAN,2020_03_28_10_00_00_000000+0000.wav,CREATED,FINISHED,CREATED
ELAN,2020_03_29_06_00_00_000000+0000.wav,CREATED,FINISHED,CREATED
ELAN,2020_03_29_09_00_00_000000+0000.wav,CREATED,FINISHED,CREATED
ELAN,2020_03_29_20_00_00_000000+0000.wav,CREATED,FINISHED,CREATED
ELAN,2020_03_29_21_00_00_000000+0000.wav,CREATED,FINISHED,CREATED
ELAN,2020_03_29_23_00_00_000000+0000.wav,CREATED,FINISHED,CREATED
ELAN,2020_03_30_16_00_00_000000+0000.wav,CREATED,FINISHED,CREATED
ELAN,2020_04_01_19_00_00_000000+0000.wav,CREATED,FINISHED,CREATED
ELAN,2020_04_01_22_00_00_000000+0000.wav,CREATED,FINISHED,CREATED
ELAN,2020_04_02_18_00_00_000000+0000.wav,CREATED,FINISHED,CREATED
ELAN,2020_04_03_12_00_00_000000+0000.wav,CREATED,FINISHED,CREATED
ELAN,2020_04_03_21_00_00_000000+0000.wav,CREATED,FINISHED,CREATED
ELAN,2020_04_04_10_00_00_000000+0000.wav,CREATED,FINISHED,CREATED
ELAN,2020_04_05_00_00_00_000000+0000.wav,CREATED,FINISHED,CREATED
ELAN,2020_04_05_01_00_00_000000+0000.wav,CREATED,FINISHED,CREATED
ELAN,2020_04_05_03_00_00_000000+0000.wav,CREATED,FINISHED,CREATED
ELAN,2020_04_05_06_00_00_000000+0000.wav,CREATED,FINISHED,CREATED
ELAN,2020_04_05_18_00_00_000000+0000.wav,CREATED,FINISHED,CREATED
ELAN,2020_04_05_23_00_00_000000+0000.wav,CREATED,FINISHED,CREATED
ELAN,2020_04_06_07_00_00_000000+0000.wav,CREATED,FINISHED,CREATED
ELAN,2020_04_06_17_00_00_000000+0000.wav,CREATED,FINISHED,CREATED
ELAN,2020_04_07_12_00_00_000000+0000.wav,CREATED,FINISHED,CREATED
ELAN,2020_04_08_07_00_00_000000+0000.wav,CREATED,FINISHED,CREATED
ELAN,2020_04_08_09_00_00_000000+0000.wav,CREATED,FINISHED,CREATED
ELAN,2020_04_10_04_00_00_000000+0000.wav,CREATED,FINISHED,CREATED
ELAN,2020_04_11_15_00_00_000000+0000.wav,CREATED,FINISHED,CREATED
ELAN,2020_04_12_09_00_00_000000+0000.wav,CREATED,FINISHED,CREATED
ELAN,2020_04_12_22_00_00_000000+0000.wav,CREATED,FINISHED,CREATED
ELAN,2020_04_13_01_00_00_000000+0000.wav,CREATED,FINISHED,CREATED
ELAN,2020_04_13_04_00_00_000000+0000.wav,CREATED,FINISHED,CREATED
ELAN,2020_04_13_05_00_00_000000+0000.wav,CREATED,FINISHED,CREATED
ELAN,2020_04_13_07_00_00_000000+0000.wav,CREATED,FINISHED,CREATED
ELAN,2020_04_13_15_00_00_000000+0000.wav,CREATED,FINISHED,CREATED
ELAN,2020_04_13_16_00_00_000000+0000.wav,CREATED,FINISHED,CREATED
ELAN,2020_04_14_23_00_00_000000+0000.wav,CREATED,FINISHED,CREATED
ELAN,2020_04_15_15_00_00_000000+0000.wav,CREATED,FINISHED,CREATED
ELAN,2020_04_16_06_00_00_000000+0000.wav,CREATED,FINISHED,CREATED
ELAN,2020_04_16_07_00_00_000000+0000.wav,CREATED,FINISHED,CREATED
ELAN,2020_04_16_14_00_00_000000+0000.wav,CREATED,FINISHED,CREATED
ELAN,2020_04_16_22_00_00_000000+0000.wav,CREATED,FINISHED,CREATED
ELAN,2020_04_17_14_00_00_000000+0000.wav,CREATED,FINISHED,CREATED
ELAN,2020_04_18_02_00_00_000000+0000.wav,CREATED,FINISHED,CREATED
ELAN,2020_04_18_08_00_00_000000+0000.wav,CREATED,FINISHED,CREATED
ELAN,2020_04_18_09_00_00_000000+0000.wav,CREATED,FINISHED,CREATED
ELAN,2020_04_18_19_00_00_000000+0000.wav,CREATED,FINISHED,CREATED
ELAN,2020_04_19_05_00_00_000000+0000.wav,CREATED,FINISHED,CREATED
ELAN,2020_04_19_21_00_00_000000+0000.wav,CREATED,FINISHED,CREATED
ELAN,2020_04_20_10_00_00_000000+0000.wav,CREATED,FINISHED,CREATED
ELAN,2020_04_20_17_00_00_000000+0000.wav,CREATED,FINISHED,CREATED
ELAN,2020_04_20_19_00_00_000000+0000.wav,CREATED,FINISHED,CREATED
ELAN,2020_04_21_03_00_00_000000+0000.wav,CREATED,FINISHED,CREATED
ELAN,2020_04_21_10_00_00_000000+0000.wav,CREATED,FINISHED,CREATED
ELAN,2020_04_23_09_00_00_000000+0000.wav,CREATED,FINISHED,CREATED
ELAN,2020_04_23_12_00_00_000000+0000.wav,CREATED,FINISHED,CREATED
ELAN,2020_04_24_23_00_00_000000+0000.wav,CREATED,FINISHED,CREATED
ELAN,2020_04_25_00_00_00_000000+0000.wav,CREATED,FINISHED,CREATED
ELAN,2020_04_25_06_00_00_000000+0000.wav,CREATED,FINISHED,CREATED
ELAN,2020_04_26_11_00_00_000000+0000.wav,CREATED,FINISHED,CREATED
ELAN,2020_04_26_18_00_00_000000+0000.wav,CREATED,FINISHED,CREATED
ELAN,2020_04_26_20_00_00_000000+0000.wav,CREATED,FINISHED,CREATED
ELAN,2020_04_27_06_00_00_000000+0000.wav,CREATED,FINISHED,CREATED
ELAN,2020_04_27_15_00_00_000000+0000.wav,CREATED,FINISHED,CREATED
ELAN,2020_04_28_01_00_00_000000+0000.wav,CREATED,FINISHED,CREATED
ELAN,2020_04_28_08_00_00_000000+0000.wav,CREATED,FINISHED,CREATED
ELAN,2020_04_28_09_00_00_000000+0000.wav,CREATED,FINISHED,CREATED
ELAN,2020_04_28_12_00_00_000000+0000.wav,CREATED,FINISHED,CREATED
ELAN,2020_04_28_20_00_00_000000+0000.wav,CREATED,FINISHED,CREATED
ELAN,2020_04_30_03_00_00_000000+0000.wav,CREATED,FINISHED,CREATED
ELAN,2020_04_30_18_00_00_000000+0000.wav,CREATED,FINISHED,CREATED
ELAN,2020_05_01_07_00_00_000000+0000.wav,CREATED,FINISHED,CREATED
ELAN,2020_05_01_16_00_00_000000+0000.wav,CREATED,FINISHED,CREATED
ELAN,2020_05_02_03_00_00_000000+0000.wav,CREATED,FINISHED,CREATED
ELAN,2020_05_02_12_00_00_000000+0000.wav,CREATED,FINISHED,CREATED
ELAN,2020_05_02_16_00_00_000000+0000.wav,CREATED,FINISHED,CREATED
ELAN,2020_05_03_04_00_00_000000+0000.wav,CREATED,FINISHED,CREATED
ELAN,2020_05_03_14_00_00_000000+0000.wav,CREATED,FINISHED,CREATED
ELAN,2020_05_03_15_00_00_000000+0000.wav,CREATED,FINISHED,CREATED
ELAN,2020_05_03_23_00_00_000000+0000.wav,CREATED,FINISHED,CREATED
ELAN,2020_05_04_05_00_00_000000+0000.wav,CREATED,FINISHED,CREATED
ELAN,2020_05_04_20_00_00_000000+0000.wav,CREATED,FINISHED,CREATED
ELAN,2020_05_05_05_00_00_000000+0000.wav,CREATED,FINISHED,CREATED
ELAN,2020_05_05_16_00_00_000000+0000.wav,CREATED,FINISHED,CREATED
ELAN,2020_05_05_23_00_00_000000+0000.wav,CREATED,FINISHED,CREATED
ELAN,2020_05_06_13_00_00_000000+0000.wav,CREATED,FINISHED,CREATED
ELAN,2020_05_06_22_00_00_000000+0000.wav,CREATED,FINISHED,CREATED
ELAN,2020_05_07_08_00_00_000000+0000.wav,CREATED,FINISHED,CREATED
ELAN,2020_05_07_14_00_00_000000+0000.wav,CREATED,FINISHED,CREATED
ELAN,2020_05_08_02_00_00_000000+0000.wav,CREATED,FINISHED,CREATED
ELAN,2020_05_08_03_00_00_000000+0000.wav,CREATED,FINISHED,CREATED
ELAN,2020_05_08_21_00_00_000000+0000.wav,CREATED,FINISHED,CREATED
ELAN,2020_05_09_03_00_00_000000+0000.wav,CREATED,FINISHED,CREATED
ELAN,2020_05_09_11_00_00_000000+0000.wav,CREATED,FINISHED,CREATED
ELAN,2020_05_09_12_00_00_000000+0000.wav,CREATED,FINISHED,CREATED
ELAN,2020_05_10_02_00_00_000000+0000.wav,CREATED,FINISHED,CREATED
ELAN,2020_05_10_04_00_00_000000+0000.wav,CREATED,FINISHED,CREATED
ELAN,2020_05_11_00_00_00_000000+0000.wav,CREATED,FINISHED,CREATED
ELAN,2020_05_11_10_00_00_000000+0000.wav,CREATED,FINISHED,CREATED
ELAN,2020_05_11_16_00_00_000000+0000.wav,CREATED,FINISHED,CREATED
ELAN,2020_05_12_12_00_00_000000+0000.wav,CREATED,FINISHED,CREATED
ELAN,2020_05_12_18_00_00_000000+0000.wav,CREATED,FINISHED,CREATED
ELAN,2020_05_12_20_00_00_000000+0000.wav,CREATED,FINISHED,CREATED
ELAN,2020_05_12_23_00_00_000000+0000.wav,CREATED,FINISHED,CREATED
ELAN,2020_05_13_00_00_00_000000+0000.wav,CREATED,FINISHED,CREATED
ELAN,2020_05_14_14_00_00_000000+0000.wav,CREATED,FINISHED,CREATED
ELAN,2020_05_15_03_00_00_000000+0000.wav,CREATED,FINISHED,CREATED
ELAN,2020_05_15_05_00_00_000000+0000.wav,CREATED,FINISHED,CREATED
ELAN,2020_05_15_19_00_00_000000+0000.wav,CREATED,FINISHED,CREATED
ELAN,2020_05_16_03_00_00_000000+0000.wav,CREATED,FINISHED,CREATED
ELAN,2020_05_16_05_00_00_000000+0000.wav,CREATED,FINISHED,CREATED
ELAN,2020_05_16_11_00_00_000000+0000.wav,CREATED,FINISHED,CREATED
ELAN,2020_05_16_20_00_00_000000+0000.wav,CREATED,FINISHED,CREATED
ELAN,2020_05_16_22_00_00_000000+0000.wav,CREATED,FINISHED,CREATED
ELAN,2020_05_17_04_00_00_000000+0000.wav,CREATED,FINISHED,CREATED
ELAN,2020_05_17_06_00_00_000000+0000.wav,CREATED,FINISHED,CREATED
ELAN,2020_05_17_14_00_00_000000+0000.wav,CREATED,FINISHED,CREATED
ELAN,2020_05_17_16_00_00_000000+0000.wav,CREATED,FINISHED,CREATED
ELAN,2020_05_18_09_00_00_000000+0000.wav,CREATED,FINISHED,CREATED
ELAN,2020_05_18_17_00_00_000000+0000.wav,CREATED,FINISHED,CREATED
ELAN,2020_05_19_20_00_00_000000+0000.wav,CREATED,FINISHED,CREATED
ELAN,2020_05_20_15_00_00_000000+0000.wav,CREATED,FINISHED,CREATED
ELAN,2020_05_22_04_00_00_000000+0000.wav,CREATED,FINISHED,CREATED
ELAN,2020_05_22_07_00_00_000000+0000.wav,CREATED,FINISHED,CREATED
ELAN,2020_05_22_18_00_00_000000+0000.wav,CREATED,FINISHED,CREATED
ELAN,2020_05_22_23_00_00_000000+0000.wav,CREATED,FINISHED,CREATED
ELAN,2020_05_23_00_00_00_000000+0000.wav,CREATED,FINISHED,CREATED
ELAN,2020_05_24_01_00_00_000000+0000.wav,CREATED,FINISHED,CREATED
ELAN,2020_05_24_05_00_00_000000+0000.wav,CREATED,FINISHED,CREATED
ELAN,2020_05_24_20_00_00_000000+0000.wav,CREATED,FINISHED,CREATED
ELAN,2020_05_25_12_00_00_000000+0000.wav,CREATED,FINISHED,CREATED
ELAN,2020_05_25_17_00_00_000000+0000.wav,CREATED,FINISHED,CREATED
ELAN,2020_05_26_01_00_00_000000+0000.wav,CREATED,FINISHED,CREATED
ELAN,2020_05_26_10_00_00_000000+0000.wav,CREATED,FINISHED,CREATED
ELAN,2020_05_26_17_00_00_000000+0000.wav,CREATED,FINISHED,CREATED
ELAN,2020_05_27_00_00_00_000000+0000.wav,CREATED,FINISHED,CREATED
ELAN,2020_05_27_08_00_00_000000+0000.wav,CREATED,FINISHED,CREATED
ELAN,2020_05_28_08_00_00_000000+0000.wav,CREATED,FINISHED,CREATED
ELAN,2020_05_28_10_00_00_000000+0000.wav,CREATED,FINISHED,CREATED
ELAN,2020_05_28_20_00_00_000000+0000.wav,CREATED,FINISHED,CREATED
ELAN,2020_05_29_00_00_00_000000+0000.wav,CREATED,FINISHED,CREATED
ELAN,2020_05_29_04_00_00_000000+0000.wav,CREATED,FINISHED,CREATED
ELAN,2020_05_29_06_00_00_000000+0000.wav,CREATED,FINISHED,CREATED
ELAN,2020_05_29_16_00_00_000000+0000.wav,CREATED,FINISHED,CREATED
ELAN,2020_05_30_07_00_00_000000+0000.wav,CREATED,FINISHED,CREATED
ELAN,2020_06_01_00_00_00_000000+0000.wav,CREATED,FINISHED,CREATED
ELAN,2020_06_01_08_00_00_000000+0000.wav,CREATED,FINISHED,CREATED
ELAN,2020_06_02_12_00_00_000000+0000.wav,CREATED,FINISHED,CREATED
ELAN,2020_06_02_14_00_00_000000+0000.wav,CREATED,FINISHED,CREATED
ELAN,2020_06_02_17_00_00_000000+0000.wav,CREATED,FINISHED,CREATED
ELAN,2020_06_02_19_00_00_000000+0000.wav,CREATED,FINISHED,CREATED
ELAN,2020_06_03_05_00_00_000000+0000.wav,CREATED,FINISHED,CREATED
ELAN,2020_06_03_07_00_00_000000+0000.wav,CREATED,FINISHED,CREATED
ELAN,2020_06_03_10_00_00_000000+0000.wav,CREATED,FINISHED,CREATED
ELAN,2020_06_03_12_00_00_000000+0000.wav,CREATED,FINISHED,CREATED
ELAN,2020_06_04_12_00_00_000000+0000.wav,CREATED,FINISHED,CREATED
ELAN,2020_06_04_16_00_00_000000+0000.wav,CREATED,FINISHED,CREATED
ELAN,2020_06_05_10_00_00_000000+0000.wav,CREATED,FINISHED,CREATED
ELAN,2020_06_05_16_00_00_000000+0000.wav,CREATED,FINISHED,CREATED
ELAN,2020_06_06_04_00_00_000000+0000.wav,CREATED,FINISHED,CREATED
ELAN,2020_06_06_18_00_00_000000+0000.wav,CREATED,FINISHED,CREATED
ELAN,2020_06_07_05_00_00_000000+0000.wav,CREATED,FINISHED,CREATED
ELAN,2020_06_07_14_00_00_000000+0000.wav,CREATED,FINISHED,CREATED
ELAN,2020_06_09_01_00_00_000000+0000.wav,CREATED,FINISHED,CREATED
ELAN,2020_06_09_05_00_00_000000+0000.wav,CREATED,FINISHED,CREATED
ELAN,2020_06_10_05_00_00_000000+0000.wav,CREATED,FINISHED,CREATED
ELAN,2020_06_10_22_00_00_000000+0000.wav,CREATED,FINISHED,CREATED
ELAN,2020_06_10_23_00_00_000000+0000.wav,CREATED,FINISHED,CREATED
ELAN,2020_06_11_15_00_00_000000+0000.wav,CREATED,FINISHED,CREATED
ELAN,2020_06_12_07_00_00_000000+0000.wav,CREATED,FINISHED,CREATED
ELAN,2020_06_13_02_00_00_000000+0000.wav,CREATED,FINISHED,CREATED
ELAN,2020_06_13_06_00_00_000000+0000.wav,CREATED,FINISHED,CREATED
ELAN,2020_06_13_10_00_00_000000+0000.wav,CREATED,FINISHED,CREATED
ELAN,2020_06_13_12_00_00_000000+0000.wav,CREATED,FINISHED,CREATED
ELAN,2020_06_16_00_00_00_000000+0000.wav,CREATED,FINISHED,CREATED
ELAN,2020_06_16_03_00_00_000000+0000.wav,CREATED,FINISHED,CREATED
ELAN,2020_06_16_11_00_00_000000+0000.wav,CREATED,FINISHED,CREATED
ELAN,2020_06_16_16_00_00_000000+0000.wav,CREATED,FINISHED,CREATED
ELAN,2020_06_16_18_00_00_000000+0000.wav,CREATED,FINISHED,CREATED
ELAN,2020_06_17_12_00_00_000000+0000.wav,CREATED,FINISHED,CREATED
ELAN,2020_06_17_19_00_00_000000+0000.wav,CREATED,FINISHED,CREATED
ELAN,2020_06_18_02_00_00_000000+0000.wav,CREATED,FINISHED,CREATED
ELAN,2020_06_18_07_00_00_000000+0000.wav,CREATED,FINISHED,CREATED
ELAN,2020_06_19_03_00_00_000000+0000.wav,CREATED,FINISHED,CREATED
ELAN,2020_06_19_07_00_00_000000+0000.wav,CREATED,FINISHED,CREATED
ELAN,2020_06_19_12_00_00_000000+0000.wav,CREATED,FINISHED,CREATED
ELAN,2020_06_19_13_00_00_000000+0000.wav,CREATED,FINISHED,CREATED
ELAN,2020_06_20_07_00_00_000000+0000.wav,CREATED,FINISHED,CREATED
ELAN,2020_06_20_09_00_00_000000+0000.wav,CREATED,FINISHED,CREATED
ELAN,2020_06_20_10_00_00_000000+0000.wav,CREATED,FINISHED,CREATED
ELAN,2020_06_21_11_00_00_000000+0000.wav,CREATED,FINISHED,CREATED
ELAN,2020_06_21_14_00_00_000000+0000.wav,CREATED,FINISHED,CREATED
ELAN,2020_06_21_21_00_00_000000+0000.wav,CREATED,FINISHED,CREATED
ELAN,2020_06_21_23_00_00_000000+0000.wav,CREATED,FINISHED,CREATED
ELAN,2020_06_23_03_00_00_000000+0000.wav,CREATED,FINISHED,CREATED
ELAN,2020_06_23_04_00_00_000000+0000.wav,CREATED,FINISHED,CREATED
ELAN,2020_06_23_07_00_00_000000+0000.wav,CREATED,FINISHED,CREATED
ELAN,2020_06_23_14_00_00_000000+0000.wav,CREATED,FINISHED,CREATED
ELAN,2020_06_24_03_00_00_000000+0000.wav,CREATED,FINISHED,CREATED
ELAN,2020_06_24_04_00_00_000000+0000.wav,CREATED,FINISHED,CREATED
ELAN,2020_06_24_06_00_00_000000+0000.wav,CREATED,FINISHED,CREATED
ELAN,2020_06_24_07_00_00_000000+0000.wav,CREATED,FINISHED,CREATED
ELAN,2020_06_24_12_00_00_000000+0000.wav,CREATED,FINISHED,CREATED
ELAN,2020_06_24_20_00_00_000000+0000.wav,CREATED,FINISHED,CREATED
ELAN,2020_06_25_18_00_00_000000+0000.wav,CREATED,FINISHED,CREATED
ELAN,2020_06_26_01_00_00_000000+0000.wav,CREATED,FINISHED,CREATED
ELAN,2020_06_26_06_00_00_000000+0000.wav,CREATED,FINISHED,CREATED
ELAN,2020_06_27_03_00_00_000000+0000.wav,CREATED,FINISHED,CREATED
ELAN,2020_06_27_04_00_00_000000+0000.wav,CREATED,FINISHED,CREATED
ELAN,2020_06_28_04_00_00_000000+0000.wav,CREATED,FINISHED,CREATED
ELAN,2020_06_28_16_00_00_000000+0000.wav,CREATED,FINISHED,CREATED
ELAN,2020_06_28_17_00_00_000000+0000.wav,CREATED,FINISHED,CREATED
ELAN,2020_06_29_11_00_00_000000+0000.wav,CREATED,FINISHED,CREATED
ELAN,2020_06_29_20_00_00_000000+0000.wav,CREATED,FINISHED,CREATED
ELAN,2020_06_29_22_00_00_000000+0000.wav,CREATED,FINISHED,CREATED
ELAN,2020_06_30_15_00_00_000000+0000.wav,CREATED,FINISHED,CREATED
ELAN,2020_06_30_17_00_00_000000+0000.wav,CREATED,FINISHED,CREATED
ELAN,2020_07_01_12_00_00_000000+0000.wav,CREATED,FINISHED,CREATED
ELAN,2020_07_02_21_00_00_000000+0000.wav,CREATED,FINISHED,CREATED
ELAN,2020_07_03_09_00_00_000000+0000.wav,CREATED,FINISHED,CREATED
ELAN,2020_07_03_20_00_00_000000+0000.wav,CREATED,FINISHED,CREATED
ELAN,2020_07_04_11_00_00_000000+0000.wav,CREATED,FINISHED,CREATED
ELAN,2020_07_04_14_00_00_000000+0000.wav,CREATED,FINISHED,CREATED
ELAN,2020_07_04_19_00_00_000000+0000.wav,CREATED,FINISHED,CREATED
ELAN,2020_07_04_21_00_00_000000+0000.wav,CREATED,FINISHED,CREATED
ELAN,2020_07_06_11_00_00_000000+0000.wav,CREATED,FINISHED,CREATED
ELAN,2020_07_07_00_00_00_000000+0000.wav,CREATED,FINISHED,CREATED
ELAN,2020_07_07_09_00_00_000000+0000.wav,CREATED,FINISHED,CREATED
ELAN,2020_07_07_18_00_00_000000+0000.wav,CREATED,FINISHED,CREATED
ELAN,2020_07_09_10_00_00_000000+0000.wav,CREATED,FINISHED,CREATED
ELAN,2020_07_09_16_00_00_000000+0000.wav,CREATED,FINISHED,CREATED
ELAN,2020_07_10_04_00_00_000000+0000.wav,CREATED,FINISHED,CREATED
ELAN,2020_07_10_09_00_00_000000+0000.wav,CREATED,FINISHED,CREATED
ELAN,2020_07_10_11_00_00_000000+0000.wav,CREATED,FINISHED,CREATED
ELAN,2020_07_10_21_00_00_000000+0000.wav,CREATED,FINISHED,CREATED
ELAN,2020_07_11_13_00_00_000000+0000.wav,CREATED,FINISHED,CREATED
ELAN,2020_07_11_16_00_00_000000+0000.wav,CREATED,FINISHED,CREATED
ELAN,2020_07_11_21_00_00_000000+0000.wav,CREATED,FINISHED,CREATED
ELAN,2020_07_12_02_00_00_000000+0000.wav,CREATED,FINISHED,CREATED
ELAN,2020_07_12_03_00_00_000000+0000.wav,CREATED,FINISHED,CREATED
ELAN,2020_07_12_08_00_00_000000+0000.wav,CREATED,FINISHED,CREATED
ELAN,2020_07_12_14_00_00_000000+0000.wav,CREATED,FINISHED,CREATED
ELAN,2020_07_12_20_00_00_000000+0000.wav,CREATED,FINISHED,CREATED
ELAN,2020_07_13_02_00_00_000000+0000.wav,CREATED,FINISHED,CREATED
ELAN,2020_07_14_16_00_00_000000+0000.wav,CREATED,FINISHED,CREATED
ELAN,2020_07_15_01_00_00_000000+0000.wav,CREATED,FINISHED,CREATED
ELAN,2020_07_16_01_00_00_000000+0000.wav,CREATED,FINISHED,CREATED
ELAN,2020_07_16_12_00_00_000000+0000.wav,CREATED,FINISHED,CREATED
ELAN,2020_07_16_16_00_00_000000+0000.wav,CREATED,FINISHED,CREATED
ELAN,2020_07_17_07_00_00_000000+0000.wav,CREATED,FINISHED,CREATED
ELAN,2020_07_17_15_00_00_000000+0000.wav,CREATED,FINISHED,CREATED
ELAN,2020_07_18_00_00_00_000000+0000.wav,CREATED,FINISHED,CREATED
ELAN,2020_07_18_10_00_00_000000+0000.wav,CREATED,FINISHED,CREATED
ELAN,2020_07_18_20_00_00_000000+0000.wav,CREATED,FINISHED,CREATED
ELAN,2020_07_19_07_00_00_000000+0000.wav,CREATED,FINISHED,CREATED
ELAN,2020_07_19_12_00_00_000000+0000.wav,CREATED,FINISHED,CREATED
ELAN,2020_07_19_13_00_00_000000+0000.wav,CREATED,FINISHED,CREATED
ELAN,2020_07_19_19_00_00_000000+0000.wav,CREATED,FINISHED,CREATED
ELAN,2020_07_20_11_00_00_000000+0000.wav,CREATED,FINISHED,CREATED
ELAN,2020_07_20_16_00_00_000000+0000.wav,CREATED,FINISHED,CREATED
ELAN,2020_07_20_21_00_00_000000+0000.wav,CREATED,FINISHED,CREATED
ELAN,2020_07_21_18_00_00_000000+0000.wav,CREATED,FINISHED,CREATED
ELAN,2020_07_21_19_00_00_000000+0000.wav,CREATED,FINISHED,CREATED
ELAN,2020_07_21_20_00_00_000000+0000.wav,CREATED,FINISHED,CREATED
ELAN,2020_07_22_06_00_00_000000+0000.wav,CREATED,FINISHED,CREATED
ELAN,2020_07_22_20_00_00_000000+0000.wav,CREATED,FINISHED,CREATED
ELAN,2020_07_22_22_00_00_000000+0000.wav,CREATED,FINISHED,CREATED
ELAN,2020_07_23_03_00_00_000000+0000.wav,CREATED,FINISHED,CREATED
ELAN,2020_07_23_05_00_00_000000+0000.wav,CREATED,FINISHED,CREATED
ELAN,2020_07_23_06_00_00_000000+0000.wav,CREATED,FINISHED,CREATED
ELAN,2020_07_24_07_00_00_000000+0000.wav,CREATED,FINISHED,CREATED
ELAN,2020_07_24_13_00_00_000000+0000.wav,CREATED,FINISHED,CREATED
ELAN,2020_07_25_02_00_00_000000+0000.wav,CREATED,FINISHED,CREATED
ELAN,2020_07_25_03_00_00_000000+0000.wav,CREATED,FINISHED,CREATED
ELAN,2020_07_25_12_00_00_000000+0000.wav,CREATED,FINISHED,CREATED
ELAN,2020_07_25_20_00_00_000000+0000.wav,CREATED,FINISHED,CREATED
ELAN,2020_07_26_03_00_00_000000+0000.wav,CREATED,FINISHED,CREATED
ELAN,2020_07_26_05_00_00_000000+0000.wav,CREATED,FINISHED,CREATED
ELAN,2020_07_26_13_00_00_000000+0000.wav,CREATED,FINISHED,CREATED
ELAN,2020_07_27_02_00_00_000000+0000.wav,CREATED,FINISHED,CREATED
ELAN,2020_07_28_05_00_00_000000+0000.wav,CREATED,FINISHED,CREATED
ELAN,2020_07_28_08_00_00_000000+0000.wav,CREATED,FINISHED,CREATED
ELAN,2020_07_28_10_00_00_000000+0000.wav,CREATED,FINISHED,CREATED
ELAN,2020_07_28_13_00_00_000000+0000.wav,CREATED,FINISHED,CREATED
ELAN,2020_07_28_17_00_00_000000+0000.wav,CREATED,FINISHED,CREATED
ELAN,2020_07_28_21_00_00_000000+0000.wav,CREATED,FINISHED,CREATED
ELAN,2020_07_29_01_00_00_000000+0000.wav,CREATED,FINISHED,CREATED
ELAN,2020_07_29_17_00_00_000000+0000.wav,CREATED,FINISHED,CREATED
ELAN,2020_07_29_18_00_00_000000+0000.wav,CREATED,FINISHED,CREATED
ELAN,2020_07_30_20_00_00_000000+0000.wav,CREATED,FINISHED,CREATED
ELAN,2020_07_30_21_00_00_000000+0000.wav,CREATED,FINISHED,CREATED
ELAN,2020_07_31_02_00_00_000000+0000.wav,CREATED,FINISHED,CREATED
ELAN,2020_07_31_03_00_00_000000+0000.wav,CREATED,FINISHED,CREATED
ELAN,2020_07_31_14_00_00_000000+0000.wav,CREATED,FINISHED,CREATED
ELAN,2020_08_01_11_00_00_000000+0000.wav,CREATED,FINISHED,CREATED
ELAN,2020_08_01_16_00_00_000000+0000.wav,CREATED,FINISHED,CREATED
ELAN,2020_08_03_05_00_00_000000+0000.wav,CREATED,FINISHED,CREATED
ELAN,2020_08_03_06_00_00_000000+0000.wav,CREATED,FINISHED,CREATED
ELAN,2020_08_03_12_00_00_000000+0000.wav,CREATED,FINISHED,CREATED
ELAN,2020_08_04_01_00_00_000000+0000.wav,CREATED,FINISHED,CREATED
ELAN,2020_08_04_05_00_00_000000+0000.wav,CREATED,FINISHED,CREATED
ELAN,2020_08_04_06_00_00_000000+0000.wav,CREATED,FINISHED,CREATED
ELAN,2020_08_04_16_00_00_000000+0000.wav,CREATED,FINISHED,CREATED
ELAN,2020_08_05_01_00_00_000000+0000.wav,CREATED,FINISHED,CREATED
ELAN,2020_08_05_04_00_00_000000+0000.wav,CREATED,FINISHED,CREATED
ELAN,2020_08_05_11_00_00_000000+0000.wav,CREATED,FINISHED,CREATED
ELAN,2020_08_05_23_00_00_000000+0000.wav,CREATED,FINISHED,CREATED
ELAN,2020_08_06_09_00_00_000000+0000.wav,CREATED,FINISHED,CREATED
ELAN,2020_08_06_10_00_00_000000+0000.wav,CREATED,FINISHED,CREATED
ELAN,2020_08_06_13_00_00_000000+0000.wav,CREATED,FINISHED,CREATED
ELAN,2020_08_06_17_00_00_000000+0000.wav,CREATED,FINISHED,CREATED
ELAN,2020_08_07_01_00_00_000000+0000.wav,CREATED,FINISHED,CREATED
ELAN,2020_08_07_04_00_00_000000+0000.wav,CREATED,FINISHED,CREATED
ELAN,2020_08_07_12_00_00_000000+0000.wav,CREATED,FINISHED,CREATED
ELAN,2020_08_07_19_00_00_000000+0000.wav,CREATED,FINISHED,CREATED
ELAN,2020_08_07_22_00_00_000000+0000.wav,CREATED,FINISHED,CREATED
ELAN,2020_08_07_23_00_00_000000+0000.wav,CREATED,FINISHED,CREATED
ELAN,2020_08_08_08_00_00_000000+0000.wav,CREATED,FINISHED,CREATED
ELAN,2020_08_08_13_00_00_000000+0000.wav,CREATED,FINISHED,CREATED
ELAN,2020_08_08_18_00_00_000000+0000.wav,CREATED,FINISHED,CREATED
ELAN,2020_08_09_12_00_00_000000+0000.wav,CREATED,FINISHED,CREATED
ELAN,2020_08_09_16_00_00_000000+0000.wav,CREATED,FINISHED,CREATED
ELAN,2020_08_09_17_00_00_000000+0000.wav,CREATED,FINISHED,CREATED
ELAN,2020_08_09_21_00_00_000000+0000.wav,CREATED,FINISHED,CREATED
ELAN,2020_08_10_00_00_00_000000+0000.wav,CREATED,FINISHED,CREATED
ELAN,2020_08_10_05_00_00_000000+0000.wav,CREATED,FINISHED,CREATED
ELAN,2020_08_10_17_00_00_000000+0000.wav,CREATED,FINISHED,CREATED
ELAN,2020_08_13_05_00_00_000000+0000.wav,CREATED,FINISHED,CREATED
ELAN,2020_08_14_19_00_00_000000+0000.wav,CREATED,FINISHED,CREATED
ELAN,2020_08_14_21_00_00_000000+0000.wav,CREATED,FINISHED,CREATED
ELAN,2020_08_15_17_00_00_000000+0000.wav,CREATED,FINISHED,CREATED
ELAN,2020_08_16_04_00_00_000000+0000.wav,CREATED,FINISHED,CREATED
ELAN,2020_08_16_08_00_00_000000+0000.wav,CREATED,FINISHED,CREATED
ELAN,2020_08_16_11_00_00_000000+0000.wav,CREATED,FINISHED,CREATED
ELAN,2020_08_16_19_00_00_000000+0000.wav,CREATED,FINISHED,CREATED
ELAN,2020_08_17_02_00_00_000000+0000.wav,CREATED,FINISHED,CREATED
ELAN,2020_08_17_11_00_00_000000+0000.wav,CREATED,FINISHED,CREATED
ELAN,2020_08_18_01_00_00_000000+0000.wav,CREATED,FINISHED,CREATED
ELAN,2020_08_18_03_00_00_000000+0000.wav,CREATED,FINISHED,CREATED
ELAN,2020_08_18_07_00_00_000000+0000.wav,CREATED,FINISHED,CREATED
ELAN,2020_08_18_09_00_00_000000+0000.wav,CREATED,FINISHED,CREATED
ELAN,2020_08_18_15_00_00_000000+0000.wav,CREATED,FINISHED,CREATED
ELAN,2020_08_18_18_00_00_000000+0000.wav,CREATED,FINISHED,CREATED
ELAN,2020_08_19_07_00_00_000000+0000.wav,CREATED,FINISHED,CREATED
ELAN,2020_08_19_14_00_00_000000+0000.wav,CREATED,FINISHED,CREATED
ELAN,2020_08_19_19_00_00_000000+0000.wav,CREATED,FINISHED,CREATED
ELAN,2020_08_20_01_00_00_000000+0000.wav,CREATED,FINISHED,CREATED
ELAN,2020_08_20_03_00_00_000000+0000.wav,CREATED,FINISHED,CREATED
ELAN,2020_08_20_06_00_00_000000+0000.wav,CREATED,FINISHED,CREATED
ELAN,2020_08_20_18_00_00_000000+0000.wav,CREATED,FINISHED,CREATED
ELAN,2020_08_21_14_00_00_000000+0000.wav,CREATED,FINISHED,CREATED
ELAN,2020_08_22_01_00_00_000000+0000.wav,CREATED,FINISHED,CREATED
ELAN,2020_08_22_02_00_00_000000+0000.wav,CREATED,FINISHED,CREATED
ELAN,2020_08_22_09_00_00_000000+0000.wav,CREATED,FINISHED,CREATED
ELAN,2020_08_22_18_00_00_000000+0000.wav,CREATED,FINISHED,CREATED
ELAN,2020_08_23_06_00_00_000000+0000.wav,CREATED,FINISHED,CREATED
ELAN,2020_08_23_18_00_00_000000+0000.wav,CREATED,FINISHED,CREATED
ELAN,2020_08_23_23_00_00_000000+0000.wav,CREATED,FINISHED,CREATED
ELAN,2020_08_24_05_00_00_000000+0000.wav,CREATED,FINISHED,CREATED
ELAN,2020_08_24_23_00_00_000000+0000.wav,CREATED,FINISHED,CREATED
ELAN,2020_08_25_04_00_00_000000+0000.wav,CREATED,FINISHED,CREATED
ELAN,2020_08_25_09_00_00_000000+0000.wav,CREATED,FINISHED,CREATED
ELAN,2020_08_26_01_00_00_000000+0000.wav,CREATED,FINISHED,CREATED
ELAN,2020_08_26_15_00_00_000000+0000.wav,CREATED,FINISHED,CREATED
ELAN,2020_08_27_06_00_00_000000+0000.wav,CREATED,FINISHED,CREATED
ELAN,2020_08_27_21_00_00_000000+0000.wav,CREATED,FINISHED,CREATED
ELAN,2020_08_30_20_00_00_000000+0000.wav,CREATED,FINISHED,CREATED
ELAN,2020_09_02_19_00_00_000000+0000.wav,CREATED,FINISHED,CREATED
ELAN,2020_09_02_22_00_00_000000+0000.wav,CREATED,FINISHED,CREATED
ELAN,2020_09_02_23_00_00_000000+0000.wav,CREATED,FINISHED,CREATED
ELAN,2020_09_03_16_00_00_000000+0000.wav,CREATED,FINISHED,CREATED
ELAN,2020_09_03_23_00_00_000000+0000.wav,CREATED,FINISHED,CREATED
ELAN,2020_09_04_18_00_00_000000+0000.wav,CREATED,FINISHED,CREATED
ELAN,2020_09_06_06_00_00_000000+0000.wav,CREATED,FINISHED,CREATED
ELAN,2020_09_06_13_00_00_000000+0000.wav,CREATED,FINISHED,CREATED
ELAN,2020_09_06_18_00_00_000000+0000.wav,CREATED,FINISHED,CREATED
ELAN,2020_09_06_20_00_00_000000+0000.wav,CREATED,FINISHED,CREATED
ELAN,2020_09_07_08_00_00_000000+0000.wav,CREATED,FINISHED,CREATED
ELAN,2020_09_07_12_00_00_000000+0000.wav,CREATED,FINISHED,CREATED
ELAN,2020_09_07_14_00_00_000000+0000.wav,CREATED,FINISHED,CREATED
ELAN,2020_09_08_02_00_00_000000+0000.wav,CREATED,FINISHED,CREATED
ELAN,2020_09_08_20_00_00_000000+0000.wav,CREATED,FINISHED,CREATED
ELAN,2020_09_08_23_00_00_000000+0000.wav,CREATED,FINISHED,CREATED
ELAN,2020_09_09_02_00_00_000000+0000.wav,CREATED,FINISHED,CREATED
ELAN,2020_09_09_12_00_00_000000+0000.wav,CREATED,FINISHED,CREATED
ELAN,2020_09_09_16_00_00_000000+0000.wav,CREATED,FINISHED,CREATED
ELAN,2020_09_10_00_00_00_000000+0000.wav,CREATED,FINISHED,CREATED
ELAN,2020_09_10_04_00_00_000000+0000.wav,CREATED,FINISHED,CREATED
ELAN,2020_09_10_11_00_00_000000+0000.wav,CREATED,FINISHED,CREATED
ELAN,2020_09_10_12_00_00_000000+0000.wav,CREATED,FINISHED,CREATED
ELAN,2020_09_11_15_00_00_000000+0000.wav,CREATED,FINISHED,CREATED
ELAN,2020_09_11_16_00_00_000000+0000.wav,CREATED,FINISHED,CREATED
ELAN,2020_09_11_21_00_00_000000+0000.wav,CREATED,FINISHED,CREATED
ELAN,2020_09_12_00_00_00_000000+0000.wav,CREATED,FINISHED,CREATED
ELAN,2020_09_12_03_00_00_000000+0000.wav,CREATED,FINISHED,CREATED
ELAN,2020_09_12_06_00_00_000000+0000.wav,CREATED,FINISHED,CREATED
ELAN,2020_09_12_22_00_00_000000+0000.wav,CREATED,FINISHED,CREATED
ELAN,2020_09_13_02_00_00_000000+0000.wav,CREATED,FINISHED,CREATED
ELAN,2020_09_13_11_00_00_000000+0000.wav,CREATED,FINISHED,CREATED
ELAN,2020_09_14_01_00_00_000000+0000.wav,CREATED,FINISHED,CREATED
ELAN,2020_09_14_03_00_00_000000+0000.wav,CREATED,FINISHED,CREATED
ELAN,2020_09_14_17_00_00_000000+0000.wav,CREATED,FINISHED,CREATED
ELAN,2020_09_14_18_00_00_000000+0000.wav,CREATED,FINISHED,CREATED
ELAN,2020_09_14_22_00_00_000000+0000.wav,CREATED,FINISHED,CREATED
ELAN,2020_09_15_05_00_00_000000+0000.wav,CREATED,FINISHED,CREATED
ELAN,2020_09_16_08_00_00_000000+0000.wav,CREATED,FINISHED,CREATED
ELAN,2020_09_16_22_00_00_000000+0000.wav,CREATED,FINISHED,CREATED
ELAN,2020_09_16_23_00_00_000000+0000.wav,CREATED,FINISHED,CREATED
ELAN,2020_09_17_08_00_00_000000+0000.wav,CREATED,FINISHED,CREATED
ELAN,2020_09_17_18_00_00_000000+0000.wav,CREATED,FINISHED,CREATED
ELAN,2020_09_18_05_00_00_000000+0000.wav,CREATED,FINISHED,CREATED
ELAN,2020_09_18_10_00_00_000000+0000.wav,CREATED,FINISHED,CREATED
ELAN,2020_09_18_11_00_00_000000+0000.wav,CREATED,FINISHED,CREATED
ELAN,2020_09_19_08_00_00_000000+0000.wav,CREATED,FINISHED,CREATED
ELAN,2020_09_19_15_00_00_000000+0000.wav,CREATED,FINISHED,CREATED
ELAN,2020_09_19_22_00_00_000000+0000.wav,CREATED,FINISHED,CREATED
ELAN,2020_09_20_09_00_00_000000+0000.wav,CREATED,FINISHED,CREATED
ELAN,2020_09_20_20_00_00_000000+0000.wav,CREATED,FINISHED,CREATED
ELAN,2020_09_21_02_00_00_000000+0000.wav,CREATED,FINISHED,CREATED
ELAN,2020_09_21_10_00_00_000000+0000.wav,CREATED,FINISHED,CREATED
ELAN,2020_09_21_14_00_00_000000+0000.wav,CREATED,FINISHED,CREATED
ELAN,2020_09_21_18_00_00_000000+0000.wav,CREATED,FINISHED,CREATED
ELAN,2020_09_21_20_00_00_000000+0000.wav,CREATED,FINISHED,CREATED
ELAN,2020_09_22_00_00_00_000000+0000.wav,CREATED,FINISHED,CREATED
ELAN,2020_09_22_02_00_00_000000+0000.wav,CREATED,FINISHED,CREATED
ELAN,2020_09_22_09_00_00_000000+0000.wav,CREATED,FINISHED,CREATED
ELAN,2020_09_22_22_00_00_000000+0000.wav,CREATED,FINISHED,CREATED
ELAN,2020_09_23_07_00_00_000000+0000.wav,CREATED,FINISHED,CREATED
ELAN,2020_09_23_19_00_00_000000+0000.wav,CREATED,FINISHED,CREATED
ELAN,2020_09_24_11_00_00_000000+0000.wav,CREATED,FINISHED,CREATED
ELAN,2020_09_24_18_00_00_000000+0000.wav,CREATED,FINISHED,CREATED
ELAN,2020_09_24_22_00_00_000000+0000.wav,CREATED,FINISHED,CREATED
ELAN,2020_09_25_01_00_00_000000+0000.wav,CREATED,FINISHED,CREATED
ELAN,2020_09_26_19_00_00_000000+0000.wav,CREATED,FINISHED,CREATED
ELAN,2020_09_26_21_00_00_000000+0000.wav,CREATED,FINISHED,CREATED
ELAN,2020_09_27_02_00_00_000000+0000.wav,CREATED,FINISHED,CREATED
ELAN,2020_09_27_10_00_00_000000+0000.wav,CREATED,FINISHED,CREATED
ELAN,2020_09_27_14_00_00_000000+0000.wav,CREATED,FINISHED,CREATED
ELAN,2020_09_27_15_00_00_000000+0000.wav,CREATED,FINISHED,CREATED
ELAN,2020_09_28_02_00_00_000000+0000.wav,CREATED,FINISHED,CREATED
ELAN,2020_09_28_19_00_00_000000+0000.wav,CREATED,FINISHED,CREATED
ELAN,2020_09_29_09_00_00_000000+0000.wav,CREATED,FINISHED,CREATED
ELAN,2020_09_30_05_00_00_000000+0000.wav,CREATED,FINISHED,CREATED
ELAN,2020_09_30_14_00_00_000000+0000.wav,CREATED,FINISHED,CREATED
ELAN,2020_09_30_19_00_00_000000+0000.wav,CREATED,FINISHED,CREATED
ELAN,2020_09_30_22_00_00_000000+0000.wav,CREATED,FINISHED,CREATED
ELAN,2020_10_01_02_00_00_000000+0000.wav,CREATED,FINISHED,CREATED
ELAN,2020_10_01_23_00_00_000000+0000.wav,CREATED,FINISHED,CREATED
ELAN,2020_10_02_00_00_00_000000+0000.wav,CREATED,FINISHED,CREATED
ELAN,2020_10_02_04_00_00_000000+0000.wav,CREATED,FINISHED,CREATED
ELAN,2020_10_02_08_00_00_000000+0000.wav,CREATED,FINISHED,CREATED
ELAN,2020_10_02_11_00_00_000000+0000.wav,CREATED,FINISHED,CREATED
ELAN,2020_10_02_22_00_00_000000+0000.wav,CREATED,FINISHED,CREATED
ELAN,2020_10_03_10_00_00_000000+0000.wav,CREATED,FINISHED,CREATED
ELAN,2020_10_03_20_00_00_000000+0000.wav,CREATED,FINISHED,CREATED
ELAN,2020_10_03_21_00_00_000000+0000.wav,CREATED,FINISHED,CREATED
ELAN,2020_10_03_22_00_00_000000+0000.wav,CREATED,FINISHED,CREATED
ELAN,2020_10_04_18_00_00_000000+0000.wav,CREATED,FINISHED,CREATED
ELAN,2020_10_04_19_00_00_000000+0000.wav,CREATED,FINISHED,CREATED
ELAN,2020_10_04_22_00_00_000000+0000.wav,CREATED,FINISHED,CREATED
ELAN,2020_10_05_13_00_00_000000+0000.wav,CREATED,FINISHED,CREATED
ELAN,2020_10_05_18_00_00_000000+0000.wav,CREATED,FINISHED,CREATED
ELAN,2020_10_05_20_00_00_000000+0000.wav,CREATED,FINISHED,CREATED
ELAN,2020_10_06_09_00_00_000000+0000.wav,CREATED,FINISHED,CREATED
ELAN,2020_10_06_10_00_00_000000+0000.wav,CREATED,FINISHED,CREATED
ELAN,2020_10_06_15_00_00_000000+0000.wav,CREATED,FINISHED,CREATED
ELAN,2020_10_06_16_00_00_000000+0000.wav,CREATED,FINISHED,CREATED
ELAN,2020_10_07_16_00_00_000000+0000.wav,CREATED,FINISHED,CREATED
ELAN,2020_10_07_19_00_00_000000+0000.wav,CREATED,FINISHED,CREATED
ELAN,2020_10_08_00_00_00_000000+0000.wav,CREATED,FINISHED,CREATED
ELAN,2020_10_08_04_00_00_000000+0000.wav,CREATED,FINISHED,CREATED
ELAN,2020_10_08_09_00_00_000000+0000.wav,CREATED,FINISHED,CREATED
ELAN,2020_10_08_20_00_00_000000+0000.wav,CREATED,FINISHED,CREATED
ELAN,2020_10_08_22_00_00_000000+0000.wav,CREATED,FINISHED,CREATED
ELAN,2020_10_09_14_00_00_000000+0000.wav,CREATED,FINISHED,CREATED
ELAN,2020_10_11_04_00_00_000000+0000.wav,CREATED,FINISHED,CREATED
ELAN,2020_10_11_15_00_00_000000+0000.wav,CREATED,FINISHED,CREATED
ELAN,2020_10_12_23_00_00_000000+0000.wav,CREATED,FINISHED,CREATED
ELAN,2020_10_13_19_00_00_000000+0000.wav,CREATED,FINISHED,CREATED
ELAN,2020_10_14_17_00_00_000000+0000.wav,CREATED,FINISHED,CREATED
ELAN,2020_10_14_18_00_00_000000+0000.wav,CREATED,FINISHED,CREATED
ELAN,2020_10_15_02_00_00_000000+0000.wav,CREATED,FINISHED,CREATED
ELAN,2020_10_15_05_00_00_000000+0000.wav,CREATED,FINISHED,CREATED
ELAN,2020_10_15_21_00_00_000000+0000.wav,CREATED,FINISHED,CREATED
ELAN,2020_10_16_03_00_00_000000+0000.wav,CREATED,FINISHED,CREATED
ELAN,2020_10_16_05_00_00_000000+0000.wav,CREATED,FINISHED,CREATED
ELAN,2020_10_16_08_00_00_000000+0000.wav,CREATED,FINISHED,CREATED
ELAN,2020_10_16_22_00_00_000000+0000.wav,CREATED,FINISHED,CREATED
ELAN,2020_10_17_01_00_00_000000+0000.wav,CREATED,FINISHED,CREATED
ELAN,2020_10_17_05_00_00_000000+0000.wav,CREATED,FINISHED,CREATED
ELAN,2020_10_17_18_00_00_000000+0000.wav,CREATED,FINISHED,CREATED
ELAN,2020_10_18_01_00_00_000000+0000.wav,CREATED,FINISHED,CREATED
ELAN,2020_10_19_05_00_00_000000+0000.wav,CREATED,FINISHED,CREATED
ELAN,2020_10_19_16_00_00_000000+0000.wav,CREATED,FINISHED,CREATED
ELAN,2020_10_19_23_00_00_000000+0000.wav,CREATED,FINISHED,CREATED
ELAN,2020_10_21_02_00_00_000000+0000.wav,CREATED,FINISHED,CREATED
ELAN,2020_10_21_05_00_00_000000+0000.wav,CREATED,FINISHED,CREATED
ELAN,2020_10_21_07_00_00_000000+0000.wav,CREATED,FINISHED,CREATED
ELAN,2020_10_22_05_00_00_000000+0000.wav,CREATED,FINISHED,CREATED
ELAN,2020_10_22_09_00_00_000000+0000.wav,CREATED,FINISHED,CREATED
ELAN,2020_10_22_13_00_00_000000+0000.wav,CREATED,FINISHED,CREATED
ELAN,2020_10_22_15_00_00_000000+0000.wav,CREATED,FINISHED,CREATED
ELAN,2020_10_22_21_00_00_000000+0000.wav,CREATED,FINISHED,CREATED
ELAN,2020_10_22_22_00_00_000000+0000.wav,CREATED,FINISHED,CREATED
ELAN,2020_10_23_07_00_00_000000+0000.wav,CREATED,FINISHED,CREATED
ELAN,2020_10_23_14_00_00_000000+0000.wav,CREATED,FINISHED,CREATED
ELAN,2020_10_23_23_00_00_000000+0000.wav,CREATED,FINISHED,CREATED
ELAN,2020_10_24_05_00_00_000000+0000.wav,CREATED,FINISHED,CREATED
ELAN,2020_10_24_14_00_00_000000+0000.wav,CREATED,FINISHED,CREATED
ELAN,2020_10_24_19_00_00_000000+0000.wav,CREATED,FINISHED,CREATED
ELAN,2020_10_25_02_00_00_000000+0000.wav,CREATED,FINISHED,CREATED
ELAN,2020_10_26_17_00_00_000000+0000.wav,CREATED,FINISHED,CREATED
ELAN,2020_10_28_08_00_00_000000+0000.wav,CREATED,FINISHED,CREATED
ELAN,2020_10_28_12_00_00_000000+0000.wav,CREATED,FINISHED,CREATED
ELAN,2020_10_28_13_00_00_000000+0000.wav,CREATED,FINISHED,CREATED
ELAN,2020_10_28_17_00_00_000000+0000.wav,CREATED,FINISHED,CREATED
ELAN,2020_10_28_19_00_00_000000+0000.wav,CREATED,FINISHED,CREATED
ELAN,2020_10_29_19_00_00_000000+0000.wav,CREATED,FINISHED,CREATED
ELAN,2020_10_30_04_00_00_000000+0000.wav,CREATED,FINISHED,CREATED
ELAN,2020_10_30_16_00_00_000000+0000.wav,CREATED,FINISHED,CREATED
ELAN,2020_11_01_16_00_00_000000+0000.wav,CREATED,FINISHED,CREATED
ELAN,2020_11_01_18_00_00_000000+0000.wav,CREATED,FINISHED,CREATED
ELAN,2020_11_01_23_00_00_000000+0000.wav,CREATED,FINISHED,CREATED
ELAN,2020_11_02_00_00_00_000000+0000.wav,CREATED,FINISHED,CREATED
ELAN,2020_11_02_08_00_00_000000+0000.wav,CREATED,FINISHED,CREATED
ELAN,2020_11_02_10_00_00_000000+0000.wav,CREATED,FINISHED,CREATED
ELAN,2020_11_02_19_00_00_000000+0000.wav,CREATED,FINISHED,CREATED
ELAN,2020_11_03_00_00_00_000000+0000.wav,CREATED,FINISHED,CREATED
ELAN,2020_11_03_11_00_00_000000+0000.wav,CREATED,FINISHED,CREATED
ELAN,2020_11_04_01_00_00_000000+0000.wav,CREATED,FINISHED,CREATED
ELAN,2020_11_04_13_00_00_000000+0000.wav,CREATED,FINISHED,CREATED
ELAN,2020_11_05_08_00_00_000000+0000.wav,CREATED,FINISHED,CREATED
ELAN,2020_11_05_14_00_00_000000+0000.wav,CREATED,FINISHED,CREATED
ELAN,2020_11_06_00_00_00_000000+0000.wav,CREATED,FINISHED,CREATED
ELAN,2020_11_06_04_00_00_000000+0000.wav,CREATED,FINISHED,CREATED
ELAN,2020_11_06_12_00_00_000000+0000.wav,CREATED,FINISHED,CREATED
ELAN,2020_11_07_07_00_00_000000+0000.wav,CREATED,FINISHED,CREATED
ELAN,2020_11_07_10_00_00_000000+0000.wav,CREATED,FINISHED,CREATED
ELAN,2020_11_07_12_00_00_000000+0000.wav,CREATED,FINISHED,CREATED
ELAN,2020_11_08_00_00_00_000000+0000.wav,CREATED,FINISHED,CREATED
ELAN,2020_11_08_03_00_00_000000+0000.wav,CREATED,FINISHED,CREATED
ELAN,2020_11_09_00_00_00_000000+0000.wav,CREATED,FINISHED,CREATED
ELAN,2020_11_09_19_00_00_000000+0000.wav,CREATED,FINISHED,CREATED
ELAN,2020_11_09_20_00_00_000000+0000.wav,CREATED,FINISHED,CREATED
ELAN,2020_11_09_23_00_00_000000+0000.wav,CREATED,FINISHED,CREATED
ELAN,2020_11_10_02_00_00_000000+0000.wav,CREATED,FINISHED,CREATED
ELAN,2020_11_10_15_00_00_000000+0000.wav,CREATED,FINISHED,CREATED
ELAN,2020_11_10_16_00_00_000000+0000.wav,CREATED,FINISHED,CREATED
ELAN,2020_11_11_15_00_00_000000+0000.wav,CREATED,FINISHED,CREATED
ELAN,2020_11_12_02_00_00_000000+0000.wav,CREATED,FINISHED,CREATED
ELAN,2020_11_12_04_00_00_000000+0000.wav,CREATED,FINISHED,CREATED
ELAN,2020_11_12_07_00_00_000000+0000.wav,CREATED,FINISHED,CREATED
ELAN,2020_11_12_08_00_00_000000+0000.wav,CREATED,FINISHED,CREATED
ELAN,2020_11_12_13_00_00_000000+0000.wav,CREATED,FINISHED,CREATED
ELAN,2020_11_13_07_00_00_000000+0000.wav,CREATED,FINISHED,CREATED
ELAN,2020_11_13_16_00_00_000000+0000.wav,CREATED,FINISHED,CREATED
ELAN,2020_11_14_01_00_00_000000+0000.wav,CREATED,FINISHED,CREATED
ELAN,2020_11_14_05_00_00_000000+0000.wav,CREATED,FINISHED,CREATED
ELAN,2020_11_14_09_00_00_000000+0000.wav,CREATED,FINISHED,CREATED
ELAN,2020_11_15_04_00_00_000000+0000.wav,CREATED,FINISHED,CREATED
ELAN,2020_11_15_18_00_00_000000+0000.wav,CREATED,FINISHED,CREATED
ELAN,2020_11_17_06_00_00_000000+0000.wav,CREATED,FINISHED,CREATED
ELAN,2020_11_17_07_00_00_000000+0000.wav,CREATED,FINISHED,CREATED
ELAN,2020_11_18_11_00_00_000000+0000.wav,CREATED,FINISHED,CREATED
ELAN,2020_11_18_14_00_00_000000+0000.wav,CREATED,FINISHED,CREATED
ELAN,2020_11_19_01_00_00_000000+0000.wav,CREATED,FINISHED,CREATED
ELAN,2020_11_19_09_00_00_000000+0000.wav,CREATED,FINISHED,CREATED
ELAN,2020_11_20_03_00_00_000000+0000.wav,CREATED,FINISHED,CREATED
ELAN,2020_11_20_09_00_00_000000+0000.wav,CREATED,FINISHED,CREATED
ELAN,2020_11_20_12_00_00_000000+0000.wav,CREATED,FINISHED,CREATED
ELAN,2020_11_21_00_00_00_000000+0000.wav,CREATED,FINISHED,CREATED
ELAN,2020_11_21_21_00_00_000000+0000.wav,CREATED,FINISHED,CREATED
ELAN,2020_11_22_10_00_00_000000+0000.wav,CREATED,FINISHED,CREATED
ELAN,2020_11_22_11_00_00_000000+0000.wav,CREATED,FINISHED,CREATED
ELAN,2020_11_22_14_00_00_000000+0000.wav,CREATED,FINISHED,CREATED
ELAN,2020_11_23_07_00_00_000000+0000.wav,CREATED,FINISHED,CREATED
ELAN,2020_11_23_08_00_00_000000+0000.wav,CREATED,FINISHED,CREATED
ELAN,2020_11_23_09_00_00_000000+0000.wav,CREATED,FINISHED,CREATED
ELAN,2020_11_23_17_00_00_000000+0000.wav,CREATED,FINISHED,CREATED
ELAN,2020_11_24_10_00_00_000000+0000.wav,CREATED,FINISHED,CREATED
ELAN,2020_11_24_17_00_00_000000+0000.wav,CREATED,FINISHED,CREATED
ELAN,2020_11_24_18_00_00_000000+0000.wav,CREATED,FINISHED,CREATED
ELAN,2020_11_24_22_00_00_000000+0000.wav,CREATED,FINISHED,CREATED
ELAN,2020_11_24_23_00_00_000000+0000.wav,CREATED,FINISHED,CREATED
ELAN,2020_11_25_04_00_00_000000+0000.wav,CREATED,FINISHED,CREATED
ELAN,2020_11_25_17_00_00_000000+0000.wav,CREATED,FINISHED,CREATED
ELAN,2020_11_25_21_00_00_000000+0000.wav,CREATED,FINISHED,CREATED
ELAN,2020_11_25_23_00_00_000000+0000.wav,CREATED,FINISHED,CREATED
ELAN,2020_11_26_07_00_00_000000+0000.wav,CREATED,FINISHED,CREATED
ELAN,2020_11_27_15_00_00_000000+0000.wav,CREATED,FINISHED,CREATED
ELAN,2020_11_28_16_00_00_000000+0000.wav,CREATED,FINISHED,CREATED
ELAN,2020_11_29_04_00_00_000000+0000.wav,CREATED,FINISHED,CREATED
ELAN,2020_11_29_05_00_00_000000+0000.wav,CREATED,FINISHED,CREATED
ELAN,2020_11_29_08_00_00_000000+0000.wav,CREATED,FINISHED,CREATED
ELAN,2020_11_29_20_00_00_000000+0000.wav,CREATED,FINISHED,CREATED
ELAN,2020_11_30_02_00_00_000000+0000.wav,CREATED,FINISHED,CREATED
ELAN,2020_11_30_05_00_00_000000+0000.wav,CREATED,FINISHED,CREATED
ELAN,2020_11_30_13_00_00_000000+0000.wav,CREATED,FINISHED,CREATED
ELAN,2020_12_02_00_00_00_000000+0000.wav,CREATED,FINISHED,CREATED
ELAN,2020_12_03_19_00_00_000000+0000.wav,CREATED,FINISHED,CREATED
ELAN,2020_12_03_23_00_00_000000+0000.wav,CREATED,FINISHED,CREATED
ELAN,2020_12_04_13_00_00_000000+0000.wav,CREATED,FINISHED,CREATED
ELAN,2020_12_05_14_00_00_000000+0000.wav,CREATED,FINISHED,CREATED
ELAN,2020_12_06_00_00_00_000000+0000.wav,CREATED,FINISHED,CREATED
ELAN,2020_12_06_05_00_00_000000+0000.wav,CREATED,FINISHED,CREATED
ELAN,2020_12_07_00_00_00_000000+0000.wav,CREATED,FINISHED,CREATED
ELAN,2020_12_07_04_00_00_000000+0000.wav,CREATED,FINISHED,CREATED
ELAN,2020_12_07_16_00_00_000000+0000.wav,CREATED,FINISHED,CREATED
ELAN,2020_12_08_02_00_00_000000+0000.wav,CREATED,FINISHED,CREATED
ELAN,2020_12_08_09_00_00_000000+0000.wav,CREATED,FINISHED,CREATED
ELAN,2020_12_09_07_00_00_000000+0000.wav,CREATED,FINISHED,CREATED
ELAN,2020_12_09_20_00_00_000000+0000.wav,CREATED,FINISHED,CREATED
ELAN,2020_12_09_21_00_00_000000+0000.wav,CREATED,FINISHED,CREATED
ELAN,2020_12_10_11_00_00_000000+0000.wav,CREATED,FINISHED,CREATED
ELAN,2020_12_10_12_00_00_000000+0000.wav,CREATED,FINISHED,CREATED
ELAN,2020_12_10_20_00_00_000000+0000.wav,CREATED,FINISHED,CREATED
ELAN,2020_12_11_06_00_00_000000+0000.wav,CREATED,FINISHED,CREATED
ELAN,2020_12_11_21_00_00_000000+0000.wav,CREATED,FINISHED,CREATED
ELAN,2020_12_11_22_00_00_000000+0000.wav,CREATED,FINISHED,CREATED
ELAN,2020_12_14_02_00_00_000000+0000.wav,CREATED,FINISHED,CREATED
ELAN,2020_12_14_10_00_00_000000+0000.wav,CREATED,FINISHED,CREATED
ELAN,2020_12_14_19_00_00_000000+0000.wav,CREATED,FINISHED,CREATED
ELAN,2020_12_15_01_00_00_000000+0000.wav,CREATED,FINISHED,CREATED
ELAN,2020_12_15_11_00_00_000000+0000.wav,CREATED,FINISHED,CREATED
ELAN,2020_12_15_21_00_00_000000+0000.wav,CREATED,FINISHED,CREATED
ELAN,2020_12_16_00_00_00_000000+0000.wav,CREATED,FINISHED,CREATED
ELAN,2020_12_16_13_00_00_000000+0000.wav,CREATED,FINISHED,CREATED
ELAN,2020_12_16_14_00_00_000000+0000.wav,CREATED,FINISHED,CREATED
ELAN,2020_12_16_17_00_00_000000+0000.wav,CREATED,FINISHED,CREATED
ELAN,2020_12_17_16_00_00_000000+0000.wav,CREATED,FINISHED,CREATED
ELAN,2020_12_17_17_00_00_000000+0000.wav,CREATED,FINISHED,CREATED
ELAN,2020_12_17_18_00_00_000000+0000.wav,CREATED,FINISHED,CREATED
ELAN,2020_12_17_23_00_00_000000+0000.wav,CREATED,FINISHED,CREATED
ELAN,2020_12_18_06_00_00_000000+0000.wav,CREATED,FINISHED,CREATED
ELAN,2020_12_18_07_00_00_000000+0000.wav,CREATED,FINISHED,CREATED
ELAN,2020_12_18_11_00_00_000000+0000.wav,CREATED,FINISHED,CREATED
ELAN,2020_12_18_16_00_00_000000+0000.wav,CREATED,FINISHED,CREATED
ELAN,2020_12_18_20_00_00_000000+0000.wav,CREATED,FINISHED,CREATED
ELAN,2020_12_19_11_00_00_000000+0000.wav,CREATED,FINISHED,CREATED
ELAN,2020_12_19_17_00_00_000000+0000.wav,CREATED,FINISHED,CREATED
ELAN,2020_12_20_03_00_00_000000+0000.wav,CREATED,FINISHED,CREATED
ELAN,2020_12_20_06_00_00_000000+0000.wav,CREATED,FINISHED,CREATED
ELAN,2020_12_21_09_00_00_000000+0000.wav,CREATED,FINISHED,CREATED
ELAN,2020_12_21_10_00_00_000000+0000.wav,CREATED,FINISHED,CREATED
ELAN,2020_12_21_13_00_00_000000+0000.wav,CREATED,FINISHED,CREATED
ELAN,2020_12_21_21_00_00_000000+0000.wav,CREATED,FINISHED,CREATED
ELAN,2020_12_22_01_00_00_000000+0000.wav,CREATED,FINISHED,CREATED
ELAN,2020_12_22_02_00_00_000000+0000.wav,CREATED,FINISHED,CREATED
ELAN,2020_12_22_05_00_00_000000+0000.wav,CREATED,FINISHED,CREATED
ELAN,2020_12_22_10_00_00_000000+0000.wav,CREATED,FINISHED,CREATED
ELAN,2020_12_22_19_00_00_000000+0000.wav,CREATED,FINISHED,CREATED
ELAN,2020_12_23_10_00_00_000000+0000.wav,CREATED,FINISHED,CREATED
ELAN,2020_12_23_23_00_00_000000+0000.wav,CREATED,FINISHED,CREATED
ELAN,2020_12_25_18_00_00_000000+0000.wav,CREATED,FINISHED,CREATED
ELAN,2020_12_26_06_00_00_000000+0000.wav,CREATED,FINISHED,CREATED
ELAN,2020_12_28_01_00_00_000000+0000.wav,CREATED,FINISHED,CREATED
ELAN,2020_12_28_04_00_00_000000+0000.wav,CREATED,FINISHED,CREATED
ELAN,2020_12_28_12_00_00_000000+0000.wav,CREATED,FINISHED,CREATED
ELAN,2020_12_28_17_00_00_000000+0000.wav,CREATED,FINISHED,CREATED
ELAN,2020_12_28_18_00_00_000000+0000.wav,CREATED,FINISHED,CREATED
ELAN,2020_12_29_01_00_00_000000+0000.wav,CREATED,FINISHED,CREATED
ELAN,2020_12_30_01_00_00_000000+0000.wav,CREATED,FINISHED,CREATED
ELAN,2020_12_31_18_00_00_000000+0000.wav,CREATED,FINISHED,CREATED
ELAN,2020_12_31_23_00_00_000000+0000.wav,CREATED,FINISHED,CREATED
ELAN,2021_01_01_00_00_00_000000+0000.wav,CREATED,FINISHED,CREATED
ELAN,2021_01_01_18_00_00_000000+0000.wav,CREATED,FINISHED,CREATED
ELAN,2021_01_01_20_00_00_000000+0000.wav,CREATED,FINISHED,CREATED
ELAN,2021_01_02_00_00_00_000000+0000.wav,CREATED,FINISHED,CREATED
ELAN,2021_01_02_02_00_00_000000+0000.wav,CREATED,FINISHED,CREATED
ELAN,2021_01_02_14_00_00_000000+0000.wav,CREATED,FINISHED,CREATED
ELAN,2021_01_03_00_00_00_000000+0000.wav,CREATED,FINISHED,CREATED
ELAN,2021_01_03_08_00_00_000000+0000.wav,CREATED,FINISHED,CREATED
ELAN,2021_01_03_15_00_00_000000+0000.wav,CREATED,FINISHED,CREATED
ELAN,2021_01_03_21_00_00_000000+0000.wav,CREATED,FINISHED,CREATED
ELAN,2021_01_04_04_00_00_000000+0000.wav,CREATED,FINISHED,CREATED
ELAN,2021_01_04_21_00_00_000000+0000.wav,CREATED,FINISHED,CREATED
ELAN,2021_01_04_23_00_00_000000+0000.wav,CREATED,FINISHED,CREATED
ELAN,2021_01_05_19_00_00_000000+0000.wav,CREATED,FINISHED,CREATED
ELAN,2021_01_05_23_00_00_000000+0000.wav,CREATED,FINISHED,CREATED
ELAN,2021_01_06_03_00_00_000000+0000.wav,CREATED,FINISHED,CREATED
ELAN,2021_01_06_12_00_00_000000+0000.wav,CREATED,FINISHED,CREATED
ELAN,2021_01_06_22_00_00_000000+0000.wav,CREATED,FINISHED,CREATED
ELAN,2021_01_07_12_00_00_000000+0000.wav,CREATED,FINISHED,CREATED
ELAN,2021_01_07_15_00_00_000000+0000.wav,CREATED,FINISHED,CREATED
ELAN,2021_01_08_09_00_00_000000+0000.wav,CREATED,FINISHED,CREATED
ELAN,2021_01_09_00_00_00_000000+0000.wav,CREATED,FINISHED,CREATED
ELAN,2021_01_10_06_00_00_000000+0000.wav,CREATED,FINISHED,CREATED
ELAN,2021_01_10_15_00_00_000000+0000.wav,CREATED,FINISHED,CREATED
ELAN,2021_01_10_23_00_00_000000+0000.wav,CREATED,FINISHED,CREATED
ELAN,2021_01_11_04_00_00_000000+0000.wav,CREATED,FINISHED,CREATED
ELAN,2021_01_12_18_00_00_000000+0000.wav,CREATED,FINISHED,CREATED
ELAN,2021_01_13_04_00_00_000000+0000.wav,CREATED,FINISHED,CREATED
