dataset,filename,lleboul,mtorte
NEAMS,2020_01_26_13_00_00_000000+0000.wav,FINISHED,CREATED
NEAMS,2020_01_26_16_00_00_000000+0000.wav,FINISHED,CREATED
NEAMS,2020_01_26_19_00_00_000000+0000.wav,FINISHED,CREATED
NEAMS,2020_01_27_10_00_00_000000+0000.wav,FINISHED,CREATED
NEAMS,2020_01_27_15_00_00_000000+0000.wav,FINISHED,CREATED
NEAMS,2020_01_27_22_00_00_000000+0000.wav,FINISHED,CREATED
NEAMS,2020_01_28_03_00_00_000000+0000.wav,FINISHED,CREATED
NEAMS,2020_01_28_17_00_00_000000+0000.wav,FINISHED,CREATED
NEAMS,2020_01_29_05_00_00_000000+0000.wav,FINISHED,CREATED
NEAMS,2020_01_29_08_00_00_000000+0000.wav,FINISHED,CREATED
NEAMS,2020_01_29_22_00_00_000000+0000.wav,FINISHED,CREATED
NEAMS,2020_01_31_13_00_00_000000+0000.wav,FINISHED,CREATED
NEAMS,2020_02_03_04_00_00_000000+0000.wav,FINISHED,CREATED
NEAMS,2020_02_03_09_00_00_000000+0000.wav,FINISHED,CREATED
NEAMS,2020_02_03_11_00_00_000000+0000.wav,FINISHED,CREATED
NEAMS,2020_02_03_21_00_00_000000+0000.wav,FINISHED,CREATED
NEAMS,2020_02_04_02_00_00_000000+0000.wav,FINISHED,CREATED
NEAMS,2020_02_04_10_00_00_000000+0000.wav,FINISHED,CREATED
NEAMS,2020_02_05_11_00_00_000000+0000.wav,FINISHED,CREATED
NEAMS,2020_02_05_17_00_00_000000+0000.wav,FINISHED,CREATED
NEAMS,2020_02_06_06_00_00_000000+0000.wav,FINISHED,CREATED
NEAMS,2020_02_06_07_00_00_000000+0000.wav,FINISHED,CREATED
NEAMS,2020_02_06_13_00_00_000000+0000.wav,FINISHED,CREATED
NEAMS,2020_02_06_21_00_00_000000+0000.wav,FINISHED,CREATED
NEAMS,2020_02_07_11_00_00_000000+0000.wav,FINISHED,CREATED
NEAMS,2020_02_07_13_00_00_000000+0000.wav,FINISHED,CREATED
NEAMS,2020_02_07_18_00_00_000000+0000.wav,FINISHED,CREATED
NEAMS,2020_02_07_21_00_00_000000+0000.wav,FINISHED,CREATED
NEAMS,2020_02_09_05_00_00_000000+0000.wav,FINISHED,CREATED
NEAMS,2020_02_09_06_00_00_000000+0000.wav,FINISHED,CREATED
NEAMS,2020_02_10_13_00_00_000000+0000.wav,FINISHED,CREATED
NEAMS,2020_02_12_08_00_00_000000+0000.wav,FINISHED,CREATED
NEAMS,2020_02_12_09_00_00_000000+0000.wav,FINISHED,CREATED
NEAMS,2020_02_12_10_00_00_000000+0000.wav,FINISHED,CREATED
NEAMS,2020_02_12_12_00_00_000000+0000.wav,FINISHED,CREATED
NEAMS,2020_02_13_04_00_00_000000+0000.wav,FINISHED,CREATED
NEAMS,2020_02_13_09_00_00_000000+0000.wav,FINISHED,CREATED
NEAMS,2020_02_13_21_00_00_000000+0000.wav,FINISHED,CREATED
NEAMS,2020_02_14_19_00_00_000000+0000.wav,FINISHED,CREATED
NEAMS,2020_02_14_21_00_00_000000+0000.wav,FINISHED,CREATED
NEAMS,2020_02_15_00_00_00_000000+0000.wav,FINISHED,CREATED
NEAMS,2020_02_15_21_00_00_000000+0000.wav,FINISHED,CREATED
NEAMS,2020_02_16_05_00_00_000000+0000.wav,FINISHED,CREATED
NEAMS,2020_02_16_14_00_00_000000+0000.wav,FINISHED,CREATED
NEAMS,2020_02_16_15_00_00_000000+0000.wav,FINISHED,CREATED
NEAMS,2020_02_17_05_00_00_000000+0000.wav,FINISHED,CREATED
NEAMS,2020_02_17_14_00_00_000000+0000.wav,FINISHED,CREATED
NEAMS,2020_02_17_17_00_00_000000+0000.wav,FINISHED,CREATED
NEAMS,2020_02_17_19_00_00_000000+0000.wav,FINISHED,CREATED
NEAMS,2020_02_18_02_00_00_000000+0000.wav,FINISHED,CREATED
NEAMS,2020_02_18_09_00_00_000000+0000.wav,FINISHED,CREATED
NEAMS,2020_02_18_16_00_00_000000+0000.wav,FINISHED,CREATED
NEAMS,2020_02_18_18_00_00_000000+0000.wav,FINISHED,CREATED
NEAMS,2020_02_21_03_00_00_000000+0000.wav,FINISHED,CREATED
NEAMS,2020_02_21_07_00_00_000000+0000.wav,FINISHED,CREATED
NEAMS,2020_02_21_22_00_00_000000+0000.wav,FINISHED,CREATED
NEAMS,2020_02_22_04_00_00_000000+0000.wav,FINISHED,CREATED
NEAMS,2020_02_22_15_00_00_000000+0000.wav,FINISHED,CREATED
NEAMS,2020_02_23_00_00_00_000000+0000.wav,FINISHED,CREATED
NEAMS,2020_02_23_04_00_00_000000+0000.wav,FINISHED,CREATED
NEAMS,2020_02_23_20_00_00_000000+0000.wav,FINISHED,CREATED
NEAMS,2020_02_24_02_00_00_000000+0000.wav,FINISHED,CREATED
NEAMS,2020_02_24_19_00_00_000000+0000.wav,FINISHED,CREATED
NEAMS,2020_02_25_04_00_00_000000+0000.wav,FINISHED,CREATED
NEAMS,2020_02_25_20_00_00_000000+0000.wav,FINISHED,CREATED
NEAMS,2020_02_25_22_00_00_000000+0000.wav,FINISHED,CREATED
NEAMS,2020_02_26_13_00_00_000000+0000.wav,FINISHED,CREATED
NEAMS,2020_02_26_16_00_00_000000+0000.wav,FINISHED,CREATED
NEAMS,2020_02_26_23_00_00_000000+0000.wav,FINISHED,CREATED
NEAMS,2020_02_27_07_00_00_000000+0000.wav,FINISHED,CREATED
NEAMS,2020_02_27_08_00_00_000000+0000.wav,FINISHED,CREATED
NEAMS,2020_02_27_09_00_00_000000+0000.wav,FINISHED,CREATED
NEAMS,2020_02_27_16_00_00_000000+0000.wav,FINISHED,CREATED
NEAMS,2020_02_28_14_00_00_000000+0000.wav,FINISHED,CREATED
NEAMS,2020_02_29_13_00_00_000000+0000.wav,FINISHED,CREATED
NEAMS,2020_03_01_18_00_00_000000+0000.wav,FINISHED,CREATED
NEAMS,2020_03_01_20_00_00_000000+0000.wav,FINISHED,CREATED
NEAMS,2020_03_02_06_00_00_000000+0000.wav,FINISHED,CREATED
NEAMS,2020_03_02_22_00_00_000000+0000.wav,FINISHED,CREATED
NEAMS,2020_03_03_01_00_00_000000+0000.wav,FINISHED,CREATED
NEAMS,2020_03_03_15_00_00_000000+0000.wav,FINISHED,CREATED
NEAMS,2020_03_04_13_00_00_000000+0000.wav,FINISHED,CREATED
NEAMS,2020_03_04_22_00_00_000000+0000.wav,FINISHED,CREATED
NEAMS,2020_03_05_21_00_00_000000+0000.wav,FINISHED,CREATED
NEAMS,2020_03_06_02_00_00_000000+0000.wav,FINISHED,CREATED
NEAMS,2020_03_06_06_00_00_000000+0000.wav,FINISHED,CREATED
NEAMS,2020_03_06_18_00_00_000000+0000.wav,FINISHED,CREATED
NEAMS,2020_03_06_23_00_00_000000+0000.wav,FINISHED,CREATED
NEAMS,2020_03_07_17_00_00_000000+0000.wav,FINISHED,CREATED
NEAMS,2020_03_07_20_00_00_000000+0000.wav,FINISHED,CREATED
NEAMS,2020_03_08_03_00_00_000000+0000.wav,FINISHED,CREATED
NEAMS,2020_03_08_08_00_00_000000+0000.wav,FINISHED,CREATED
NEAMS,2020_03_08_14_00_00_000000+0000.wav,FINISHED,CREATED
NEAMS,2020_03_09_11_00_00_000000+0000.wav,FINISHED,CREATED
NEAMS,2020_03_09_13_00_00_000000+0000.wav,FINISHED,CREATED
NEAMS,2020_03_09_23_00_00_000000+0000.wav,FINISHED,CREATED
NEAMS,2020_03_10_08_00_00_000000+0000.wav,FINISHED,CREATED
NEAMS,2020_03_10_09_00_00_000000+0000.wav,FINISHED,CREATED
NEAMS,2020_03_10_11_00_00_000000+0000.wav,FINISHED,CREATED
NEAMS,2020_03_10_15_00_00_000000+0000.wav,FINISHED,CREATED
NEAMS,2020_03_10_19_00_00_000000+0000.wav,FINISHED,CREATED
NEAMS,2020_03_10_21_00_00_000000+0000.wav,FINISHED,CREATED
NEAMS,2020_03_11_00_00_00_000000+0000.wav,FINISHED,CREATED
NEAMS,2020_03_11_02_00_00_000000+0000.wav,FINISHED,CREATED
NEAMS,2020_03_11_07_00_00_000000+0000.wav,FINISHED,CREATED
NEAMS,2020_03_11_10_00_00_000000+0000.wav,FINISHED,CREATED
NEAMS,2020_03_11_18_00_00_000000+0000.wav,FINISHED,CREATED
NEAMS,2020_03_12_04_00_00_000000+0000.wav,FINISHED,CREATED
NEAMS,2020_03_12_12_00_00_000000+0000.wav,FINISHED,CREATED
NEAMS,2020_03_12_20_00_00_000000+0000.wav,FINISHED,CREATED
NEAMS,2020_03_14_01_00_00_000000+0000.wav,FINISHED,CREATED
NEAMS,2020_03_14_22_00_00_000000+0000.wav,FINISHED,CREATED
NEAMS,2020_03_14_23_00_00_000000+0000.wav,FINISHED,CREATED
NEAMS,2020_03_15_11_00_00_000000+0000.wav,FINISHED,CREATED
NEAMS,2020_03_16_10_00_00_000000+0000.wav,FINISHED,CREATED
NEAMS,2020_03_18_01_00_00_000000+0000.wav,FINISHED,CREATED
NEAMS,2020_03_18_20_00_00_000000+0000.wav,FINISHED,CREATED
NEAMS,2020_03_19_13_00_00_000000+0000.wav,FINISHED,CREATED
NEAMS,2020_03_19_20_00_00_000000+0000.wav,FINISHED,CREATED
NEAMS,2020_03_20_06_00_00_000000+0000.wav,FINISHED,CREATED
NEAMS,2020_03_20_08_00_00_000000+0000.wav,FINISHED,CREATED
NEAMS,2020_03_20_16_00_00_000000+0000.wav,FINISHED,CREATED
NEAMS,2020_03_22_01_00_00_000000+0000.wav,FINISHED,CREATED
NEAMS,2020_03_22_08_00_00_000000+0000.wav,FINISHED,CREATED
NEAMS,2020_03_22_10_00_00_000000+0000.wav,FINISHED,CREATED
NEAMS,2020_03_22_14_00_00_000000+0000.wav,FINISHED,CREATED
NEAMS,2020_03_22_15_00_00_000000+0000.wav,FINISHED,CREATED
NEAMS,2020_03_22_21_00_00_000000+0000.wav,FINISHED,CREATED
NEAMS,2020_03_23_04_00_00_000000+0000.wav,FINISHED,CREATED
NEAMS,2020_03_24_04_00_00_000000+0000.wav,FINISHED,CREATED
NEAMS,2020_03_24_07_00_00_000000+0000.wav,FINISHED,CREATED
NEAMS,2020_03_24_12_00_00_000000+0000.wav,FINISHED,CREATED
NEAMS,2020_03_24_16_00_00_000000+0000.wav,FINISHED,CREATED
NEAMS,2020_03_24_18_00_00_000000+0000.wav,FINISHED,CREATED
NEAMS,2020_03_24_21_00_00_000000+0000.wav,FINISHED,CREATED
NEAMS,2020_03_25_01_00_00_000000+0000.wav,FINISHED,CREATED
NEAMS,2020_03_25_17_00_00_000000+0000.wav,FINISHED,CREATED
NEAMS,2020_03_26_08_00_00_000000+0000.wav,FINISHED,CREATED
NEAMS,2020_03_27_18_00_00_000000+0000.wav,FINISHED,CREATED
NEAMS,2020_03_28_23_00_00_000000+0000.wav,FINISHED,CREATED
NEAMS,2020_03_29_02_00_00_000000+0000.wav,FINISHED,CREATED
NEAMS,2020_03_29_15_00_00_000000+0000.wav,FINISHED,CREATED
NEAMS,2020_03_29_19_00_00_000000+0000.wav,FINISHED,CREATED
NEAMS,2020_03_31_07_00_00_000000+0000.wav,FINISHED,CREATED
NEAMS,2020_04_01_01_00_00_000000+0000.wav,FINISHED,CREATED
NEAMS,2020_04_01_03_00_00_000000+0000.wav,FINISHED,CREATED
NEAMS,2020_04_01_19_00_00_000000+0000.wav,FINISHED,CREATED
NEAMS,2020_04_02_00_00_00_000000+0000.wav,FINISHED,CREATED
NEAMS,2020_04_02_09_00_00_000000+0000.wav,FINISHED,CREATED
NEAMS,2020_04_02_16_00_00_000000+0000.wav,FINISHED,CREATED
NEAMS,2020_04_02_17_00_00_000000+0000.wav,FINISHED,CREATED
NEAMS,2020_04_02_19_00_00_000000+0000.wav,FINISHED,CREATED
NEAMS,2020_04_03_01_00_00_000000+0000.wav,FINISHED,CREATED
NEAMS,2020_04_03_02_00_00_000000+0000.wav,FINISHED,CREATED
NEAMS,2020_04_03_08_00_00_000000+0000.wav,FINISHED,CREATED
NEAMS,2020_04_03_11_00_00_000000+0000.wav,FINISHED,CREATED
NEAMS,2020_04_05_11_00_00_000000+0000.wav,FINISHED,CREATED
NEAMS,2020_04_05_18_00_00_000000+0000.wav,FINISHED,CREATED
NEAMS,2020_04_05_20_00_00_000000+0000.wav,FINISHED,CREATED
NEAMS,2020_04_06_06_00_00_000000+0000.wav,FINISHED,CREATED
NEAMS,2020_04_07_06_00_00_000000+0000.wav,FINISHED,CREATED
NEAMS,2020_04_07_07_00_00_000000+0000.wav,FINISHED,CREATED
NEAMS,2020_04_07_13_00_00_000000+0000.wav,FINISHED,CREATED
NEAMS,2020_04_07_19_00_00_000000+0000.wav,FINISHED,CREATED
NEAMS,2020_04_08_01_00_00_000000+0000.wav,FINISHED,CREATED
NEAMS,2020_04_08_06_00_00_000000+0000.wav,FINISHED,CREATED
NEAMS,2020_04_08_15_00_00_000000+0000.wav,FINISHED,CREATED
NEAMS,2020_04_09_05_00_00_000000+0000.wav,FINISHED,CREATED
NEAMS,2020_04_09_10_00_00_000000+0000.wav,FINISHED,CREATED
NEAMS,2020_04_09_19_00_00_000000+0000.wav,FINISHED,CREATED
NEAMS,2020_04_09_22_00_00_000000+0000.wav,FINISHED,CREATED
NEAMS,2020_04_10_03_00_00_000000+0000.wav,FINISHED,CREATED
NEAMS,2020_04_11_11_00_00_000000+0000.wav,FINISHED,CREATED
NEAMS,2020_04_11_20_00_00_000000+0000.wav,FINISHED,CREATED
NEAMS,2020_04_12_06_00_00_000000+0000.wav,FINISHED,CREATED
NEAMS,2020_04_12_17_00_00_000000+0000.wav,FINISHED,CREATED
NEAMS,2020_04_12_20_00_00_000000+0000.wav,FINISHED,CREATED
NEAMS,2020_04_13_20_00_00_000000+0000.wav,FINISHED,CREATED
NEAMS,2020_04_13_21_00_00_000000+0000.wav,FINISHED,CREATED
NEAMS,2020_04_14_14_00_00_000000+0000.wav,FINISHED,CREATED
NEAMS,2020_04_14_19_00_00_000000+0000.wav,FINISHED,CREATED
NEAMS,2020_04_15_02_00_00_000000+0000.wav,FINISHED,CREATED
NEAMS,2020_04_15_04_00_00_000000+0000.wav,FINISHED,CREATED
NEAMS,2020_04_15_05_00_00_000000+0000.wav,FINISHED,CREATED
NEAMS,2020_04_15_07_00_00_000000+0000.wav,FINISHED,CREATED
NEAMS,2020_04_16_19_00_00_000000+0000.wav,FINISHED,CREATED
NEAMS,2020_04_17_00_00_00_000000+0000.wav,FINISHED,CREATED
NEAMS,2020_04_17_19_00_00_000000+0000.wav,FINISHED,CREATED
NEAMS,2020_04_17_20_00_00_000000+0000.wav,FINISHED,CREATED
NEAMS,2020_04_18_02_00_00_000000+0000.wav,FINISHED,CREATED
NEAMS,2020_04_18_04_00_00_000000+0000.wav,FINISHED,CREATED
NEAMS,2020_04_19_09_00_00_000000+0000.wav,FINISHED,CREATED
NEAMS,2020_04_19_11_00_00_000000+0000.wav,FINISHED,CREATED
NEAMS,2020_04_19_18_00_00_000000+0000.wav,FINISHED,CREATED
NEAMS,2020_04_19_21_00_00_000000+0000.wav,FINISHED,CREATED
NEAMS,2020_04_20_07_00_00_000000+0000.wav,FINISHED,CREATED
NEAMS,2020_04_20_13_00_00_000000+0000.wav,FINISHED,CREATED
NEAMS,2020_04_20_16_00_00_000000+0000.wav,FINISHED,CREATED
NEAMS,2020_04_20_19_00_00_000000+0000.wav,FINISHED,CREATED
NEAMS,2020_04_21_02_00_00_000000+0000.wav,FINISHED,CREATED
NEAMS,2020_04_21_06_00_00_000000+0000.wav,FINISHED,CREATED
NEAMS,2020_04_21_12_00_00_000000+0000.wav,FINISHED,CREATED
NEAMS,2020_04_21_17_00_00_000000+0000.wav,FINISHED,CREATED
NEAMS,2020_04_22_02_00_00_000000+0000.wav,FINISHED,CREATED
NEAMS,2020_04_22_09_00_00_000000+0000.wav,FINISHED,CREATED
NEAMS,2020_04_22_13_00_00_000000+0000.wav,FINISHED,CREATED
NEAMS,2020_04_22_14_00_00_000000+0000.wav,FINISHED,CREATED
NEAMS,2020_04_23_02_00_00_000000+0000.wav,FINISHED,CREATED
NEAMS,2020_04_23_04_00_00_000000+0000.wav,FINISHED,CREATED
NEAMS,2020_04_24_12_00_00_000000+0000.wav,FINISHED,CREATED
NEAMS,2020_04_26_14_00_00_000000+0000.wav,FINISHED,CREATED
NEAMS,2020_04_26_22_00_00_000000+0000.wav,FINISHED,CREATED
NEAMS,2020_04_27_02_00_00_000000+0000.wav,FINISHED,CREATED
NEAMS,2020_04_27_11_00_00_000000+0000.wav,FINISHED,CREATED
NEAMS,2020_04_28_02_00_00_000000+0000.wav,FINISHED,CREATED
NEAMS,2020_04_28_12_00_00_000000+0000.wav,FINISHED,CREATED
NEAMS,2020_04_28_17_00_00_000000+0000.wav,FINISHED,CREATED
NEAMS,2020_04_29_19_00_00_000000+0000.wav,FINISHED,CREATED
NEAMS,2020_04_30_08_00_00_000000+0000.wav,FINISHED,CREATED
NEAMS,2020_05_01_09_00_00_000000+0000.wav,FINISHED,CREATED
NEAMS,2020_05_01_11_00_00_000000+0000.wav,FINISHED,CREATED
NEAMS,2020_05_02_11_00_00_000000+0000.wav,FINISHED,CREATED
NEAMS,2020_05_03_01_00_00_000000+0000.wav,FINISHED,CREATED
NEAMS,2020_05_03_05_00_00_000000+0000.wav,FINISHED,CREATED
NEAMS,2020_05_03_07_00_00_000000+0000.wav,FINISHED,CREATED
NEAMS,2020_05_03_09_00_00_000000+0000.wav,FINISHED,CREATED
NEAMS,2020_05_03_10_00_00_000000+0000.wav,FINISHED,CREATED
NEAMS,2020_05_03_14_00_00_000000+0000.wav,FINISHED,CREATED
NEAMS,2020_05_03_19_00_00_000000+0000.wav,FINISHED,CREATED
NEAMS,2020_05_04_07_00_00_000000+0000.wav,FINISHED,CREATED
NEAMS,2020_05_04_14_00_00_000000+0000.wav,FINISHED,CREATED
NEAMS,2020_05_04_18_00_00_000000+0000.wav,FINISHED,CREATED
NEAMS,2020_05_05_13_00_00_000000+0000.wav,FINISHED,CREATED
NEAMS,2020_05_05_14_00_00_000000+0000.wav,FINISHED,CREATED
NEAMS,2020_05_05_15_00_00_000000+0000.wav,FINISHED,CREATED
NEAMS,2020_05_05_16_00_00_000000+0000.wav,FINISHED,CREATED
NEAMS,2020_05_06_06_00_00_000000+0000.wav,FINISHED,CREATED
NEAMS,2020_05_07_23_00_00_000000+0000.wav,FINISHED,CREATED
NEAMS,2020_05_08_09_00_00_000000+0000.wav,FINISHED,CREATED
NEAMS,2020_05_08_10_00_00_000000+0000.wav,FINISHED,CREATED
NEAMS,2020_05_09_16_00_00_000000+0000.wav,FINISHED,CREATED
NEAMS,2020_05_09_19_00_00_000000+0000.wav,FINISHED,CREATED
NEAMS,2020_05_10_11_00_00_000000+0000.wav,FINISHED,CREATED
NEAMS,2020_05_10_16_00_00_000000+0000.wav,FINISHED,CREATED
NEAMS,2020_05_11_03_00_00_000000+0000.wav,FINISHED,CREATED
NEAMS,2020_05_11_06_00_00_000000+0000.wav,FINISHED,CREATED
NEAMS,2020_05_11_08_00_00_000000+0000.wav,FINISHED,CREATED
NEAMS,2020_05_11_11_00_00_000000+0000.wav,FINISHED,CREATED
NEAMS,2020_05_11_12_00_00_000000+0000.wav,FINISHED,CREATED
NEAMS,2020_05_11_20_00_00_000000+0000.wav,FINISHED,CREATED
NEAMS,2020_05_12_01_00_00_000000+0000.wav,FINISHED,CREATED
NEAMS,2020_05_12_23_00_00_000000+0000.wav,FINISHED,CREATED
NEAMS,2020_05_13_05_00_00_000000+0000.wav,FINISHED,CREATED
NEAMS,2020_05_13_13_00_00_000000+0000.wav,FINISHED,CREATED
NEAMS,2020_05_14_02_00_00_000000+0000.wav,FINISHED,CREATED
NEAMS,2020_05_14_15_00_00_000000+0000.wav,FINISHED,CREATED
NEAMS,2020_05_15_11_00_00_000000+0000.wav,FINISHED,CREATED
NEAMS,2020_05_15_18_00_00_000000+0000.wav,FINISHED,CREATED
NEAMS,2020_05_15_19_00_00_000000+0000.wav,FINISHED,CREATED
NEAMS,2020_05_16_02_00_00_000000+0000.wav,FINISHED,CREATED
NEAMS,2020_05_17_01_00_00_000000+0000.wav,FINISHED,CREATED
NEAMS,2020_05_17_12_00_00_000000+0000.wav,FINISHED,CREATED
NEAMS,2020_05_17_14_00_00_000000+0000.wav,FINISHED,CREATED
NEAMS,2020_05_17_15_00_00_000000+0000.wav,FINISHED,CREATED
NEAMS,2020_05_17_18_00_00_000000+0000.wav,FINISHED,CREATED
NEAMS,2020_05_18_01_00_00_000000+0000.wav,FINISHED,CREATED
NEAMS,2020_05_18_02_00_00_000000+0000.wav,FINISHED,CREATED
NEAMS,2020_05_18_04_00_00_000000+0000.wav,FINISHED,CREATED
NEAMS,2020_05_18_12_00_00_000000+0000.wav,FINISHED,CREATED
NEAMS,2020_05_18_21_00_00_000000+0000.wav,FINISHED,CREATED
NEAMS,2020_05_19_13_00_00_000000+0000.wav,FINISHED,CREATED
NEAMS,2020_05_20_03_00_00_000000+0000.wav,FINISHED,CREATED
NEAMS,2020_05_20_05_00_00_000000+0000.wav,FINISHED,CREATED
NEAMS,2020_05_20_07_00_00_000000+0000.wav,FINISHED,CREATED
NEAMS,2020_05_20_14_00_00_000000+0000.wav,FINISHED,CREATED
NEAMS,2020_05_21_15_00_00_000000+0000.wav,FINISHED,CREATED
NEAMS,2020_05_21_17_00_00_000000+0000.wav,FINISHED,CREATED
NEAMS,2020_05_22_08_00_00_000000+0000.wav,FINISHED,CREATED
NEAMS,2020_05_22_20_00_00_000000+0000.wav,FINISHED,CREATED
NEAMS,2020_05_23_13_00_00_000000+0000.wav,FINISHED,CREATED
NEAMS,2020_05_25_13_00_00_000000+0000.wav,FINISHED,CREATED
NEAMS,2020_05_25_18_00_00_000000+0000.wav,FINISHED,CREATED
NEAMS,2020_05_25_22_00_00_000000+0000.wav,FINISHED,CREATED
NEAMS,2020_05_26_01_00_00_000000+0000.wav,FINISHED,CREATED
NEAMS,2020_05_26_02_00_00_000000+0000.wav,FINISHED,CREATED
NEAMS,2020_05_26_15_00_00_000000+0000.wav,FINISHED,CREATED
NEAMS,2020_05_27_02_00_00_000000+0000.wav,FINISHED,CREATED
NEAMS,2020_05_27_03_00_00_000000+0000.wav,FINISHED,CREATED
NEAMS,2020_05_27_07_00_00_000000+0000.wav,FINISHED,CREATED
NEAMS,2020_05_27_23_00_00_000000+0000.wav,FINISHED,CREATED
NEAMS,2020_05_28_02_00_00_000000+0000.wav,FINISHED,CREATED
NEAMS,2020_05_28_06_00_00_000000+0000.wav,FINISHED,CREATED
NEAMS,2020_05_28_08_00_00_000000+0000.wav,FINISHED,CREATED
NEAMS,2020_05_28_17_00_00_000000+0000.wav,FINISHED,CREATED
NEAMS,2020_05_28_18_00_00_000000+0000.wav,FINISHED,CREATED
NEAMS,2020_05_29_18_00_00_000000+0000.wav,FINISHED,CREATED
NEAMS,2020_05_30_14_00_00_000000+0000.wav,FINISHED,CREATED
NEAMS,2020_05_31_13_00_00_000000+0000.wav,FINISHED,CREATED
NEAMS,2020_06_01_12_00_00_000000+0000.wav,FINISHED,CREATED
NEAMS,2020_06_01_15_00_00_000000+0000.wav,FINISHED,CREATED
NEAMS,2020_06_01_19_00_00_000000+0000.wav,FINISHED,CREATED
NEAMS,2020_06_01_22_00_00_000000+0000.wav,FINISHED,CREATED
NEAMS,2020_06_01_23_00_00_000000+0000.wav,FINISHED,CREATED
NEAMS,2020_06_02_05_00_00_000000+0000.wav,FINISHED,CREATED
NEAMS,2020_06_02_22_00_00_000000+0000.wav,FINISHED,CREATED
NEAMS,2020_06_03_05_00_00_000000+0000.wav,FINISHED,CREATED
NEAMS,2020_06_04_03_00_00_000000+0000.wav,FINISHED,CREATED
NEAMS,2020_06_04_12_00_00_000000+0000.wav,FINISHED,CREATED
NEAMS,2020_06_06_18_00_00_000000+0000.wav,FINISHED,CREATED
NEAMS,2020_06_06_20_00_00_000000+0000.wav,FINISHED,CREATED
NEAMS,2020_06_07_05_00_00_000000+0000.wav,FINISHED,CREATED
NEAMS,2020_06_07_16_00_00_000000+0000.wav,FINISHED,CREATED
NEAMS,2020_06_08_04_00_00_000000+0000.wav,FINISHED,CREATED
NEAMS,2020_06_08_07_00_00_000000+0000.wav,FINISHED,CREATED
NEAMS,2020_06_08_12_00_00_000000+0000.wav,FINISHED,CREATED
NEAMS,2020_06_09_01_00_00_000000+0000.wav,FINISHED,CREATED
NEAMS,2020_06_09_14_00_00_000000+0000.wav,FINISHED,CREATED
NEAMS,2020_06_09_17_00_00_000000+0000.wav,FINISHED,CREATED
NEAMS,2020_06_10_11_00_00_000000+0000.wav,FINISHED,CREATED
NEAMS,2020_06_10_16_00_00_000000+0000.wav,FINISHED,CREATED
NEAMS,2020_06_10_18_00_00_000000+0000.wav,FINISHED,CREATED
NEAMS,2020_06_11_12_00_00_000000+0000.wav,FINISHED,CREATED
NEAMS,2020_06_11_14_00_00_000000+0000.wav,FINISHED,CREATED
NEAMS,2020_06_12_06_00_00_000000+0000.wav,FINISHED,CREATED
NEAMS,2020_06_12_11_00_00_000000+0000.wav,FINISHED,CREATED
NEAMS,2020_06_12_14_00_00_000000+0000.wav,FINISHED,CREATED
NEAMS,2020_06_12_17_00_00_000000+0000.wav,FINISHED,CREATED
NEAMS,2020_06_12_19_00_00_000000+0000.wav,FINISHED,CREATED
NEAMS,2020_06_13_10_00_00_000000+0000.wav,FINISHED,CREATED
NEAMS,2020_06_14_14_00_00_000000+0000.wav,FINISHED,CREATED
NEAMS,2020_06_14_19_00_00_000000+0000.wav,FINISHED,CREATED
NEAMS,2020_06_15_00_00_00_000000+0000.wav,FINISHED,CREATED
NEAMS,2020_06_15_12_00_00_000000+0000.wav,FINISHED,CREATED
NEAMS,2020_06_15_18_00_00_000000+0000.wav,FINISHED,CREATED
NEAMS,2020_06_16_00_00_00_000000+0000.wav,FINISHED,CREATED
NEAMS,2020_06_16_10_00_00_000000+0000.wav,FINISHED,CREATED
NEAMS,2020_06_16_16_00_00_000000+0000.wav,FINISHED,CREATED
NEAMS,2020_06_17_01_00_00_000000+0000.wav,FINISHED,CREATED
NEAMS,2020_06_17_03_00_00_000000+0000.wav,FINISHED,CREATED
NEAMS,2020_06_17_06_00_00_000000+0000.wav,FINISHED,CREATED
NEAMS,2020_06_17_11_00_00_000000+0000.wav,FINISHED,CREATED
NEAMS,2020_06_17_16_00_00_000000+0000.wav,FINISHED,CREATED
NEAMS,2020_06_18_10_00_00_000000+0000.wav,FINISHED,CREATED
NEAMS,2020_06_18_18_00_00_000000+0000.wav,FINISHED,CREATED
NEAMS,2020_06_18_21_00_00_000000+0000.wav,FINISHED,CREATED
NEAMS,2020_06_19_08_00_00_000000+0000.wav,FINISHED,CREATED
NEAMS,2020_06_20_00_00_00_000000+0000.wav,FINISHED,CREATED
NEAMS,2020_06_20_05_00_00_000000+0000.wav,FINISHED,CREATED
NEAMS,2020_06_20_08_00_00_000000+0000.wav,FINISHED,CREATED
NEAMS,2020_06_21_03_00_00_000000+0000.wav,FINISHED,CREATED
NEAMS,2020_06_21_10_00_00_000000+0000.wav,FINISHED,CREATED
NEAMS,2020_06_22_04_00_00_000000+0000.wav,FINISHED,CREATED
NEAMS,2020_06_22_21_00_00_000000+0000.wav,FINISHED,CREATED
NEAMS,2020_06_23_07_00_00_000000+0000.wav,FINISHED,CREATED
NEAMS,2020_06_23_09_00_00_000000+0000.wav,FINISHED,CREATED
NEAMS,2020_06_23_22_00_00_000000+0000.wav,FINISHED,CREATED
NEAMS,2020_06_24_19_00_00_000000+0000.wav,FINISHED,CREATED
NEAMS,2020_06_24_22_00_00_000000+0000.wav,FINISHED,CREATED
NEAMS,2020_06_25_07_00_00_000000+0000.wav,FINISHED,CREATED
NEAMS,2020_06_25_08_00_00_000000+0000.wav,FINISHED,CREATED
NEAMS,2020_06_25_12_00_00_000000+0000.wav,FINISHED,CREATED
NEAMS,2020_06_25_22_00_00_000000+0000.wav,FINISHED,CREATED
NEAMS,2020_06_26_01_00_00_000000+0000.wav,FINISHED,CREATED
NEAMS,2020_06_26_04_00_00_000000+0000.wav,FINISHED,CREATED
NEAMS,2020_06_26_18_00_00_000000+0000.wav,FINISHED,CREATED
NEAMS,2020_06_26_22_00_00_000000+0000.wav,FINISHED,CREATED
NEAMS,2020_06_27_06_00_00_000000+0000.wav,FINISHED,CREATED
NEAMS,2020_06_27_12_00_00_000000+0000.wav,FINISHED,CREATED
NEAMS,2020_06_27_13_00_00_000000+0000.wav,FINISHED,CREATED
NEAMS,2020_06_27_20_00_00_000000+0000.wav,FINISHED,CREATED
NEAMS,2020_06_28_01_00_00_000000+0000.wav,FINISHED,CREATED
NEAMS,2020_06_28_10_00_00_000000+0000.wav,FINISHED,CREATED
NEAMS,2020_06_29_00_00_00_000000+0000.wav,FINISHED,CREATED
NEAMS,2020_06_29_14_00_00_000000+0000.wav,FINISHED,CREATED
NEAMS,2020_06_29_15_00_00_000000+0000.wav,FINISHED,CREATED
NEAMS,2020_06_29_20_00_00_000000+0000.wav,FINISHED,CREATED
NEAMS,2020_06_30_19_00_00_000000+0000.wav,FINISHED,CREATED
NEAMS,2020_06_30_23_00_00_000000+0000.wav,FINISHED,CREATED
NEAMS,2020_07_01_07_00_00_000000+0000.wav,FINISHED,CREATED
NEAMS,2020_07_01_13_00_00_000000+0000.wav,FINISHED,CREATED
NEAMS,2020_07_02_09_00_00_000000+0000.wav,FINISHED,CREATED
NEAMS,2020_07_02_20_00_00_000000+0000.wav,FINISHED,CREATED
NEAMS,2020_07_02_21_00_00_000000+0000.wav,FINISHED,CREATED
NEAMS,2020_07_03_06_00_00_000000+0000.wav,FINISHED,CREATED
NEAMS,2020_07_04_01_00_00_000000+0000.wav,FINISHED,CREATED
NEAMS,2020_07_04_05_00_00_000000+0000.wav,FINISHED,CREATED
NEAMS,2020_07_04_15_00_00_000000+0000.wav,FINISHED,CREATED
NEAMS,2020_07_05_06_00_00_000000+0000.wav,FINISHED,CREATED
NEAMS,2020_07_05_08_00_00_000000+0000.wav,FINISHED,CREATED
NEAMS,2020_07_05_13_00_00_000000+0000.wav,FINISHED,CREATED
NEAMS,2020_07_05_15_00_00_000000+0000.wav,FINISHED,CREATED
NEAMS,2020_07_06_03_00_00_000000+0000.wav,FINISHED,CREATED
NEAMS,2020_07_06_12_00_00_000000+0000.wav,FINISHED,CREATED
NEAMS,2020_07_06_16_00_00_000000+0000.wav,FINISHED,CREATED
NEAMS,2020_07_07_12_00_00_000000+0000.wav,FINISHED,CREATED
NEAMS,2020_07_07_18_00_00_000000+0000.wav,FINISHED,CREATED
NEAMS,2020_07_08_08_00_00_000000+0000.wav,FINISHED,CREATED
NEAMS,2020_07_08_16_00_00_000000+0000.wav,FINISHED,CREATED
NEAMS,2020_07_08_23_00_00_000000+0000.wav,FINISHED,CREATED
NEAMS,2020_07_09_00_00_00_000000+0000.wav,FINISHED,CREATED
NEAMS,2020_07_09_12_00_00_000000+0000.wav,FINISHED,CREATED
NEAMS,2020_07_09_19_00_00_000000+0000.wav,FINISHED,CREATED
NEAMS,2020_07_10_04_00_00_000000+0000.wav,FINISHED,CREATED
NEAMS,2020_07_10_05_00_00_000000+0000.wav,FINISHED,CREATED
NEAMS,2020_07_10_10_00_00_000000+0000.wav,FINISHED,CREATED
NEAMS,2020_07_10_12_00_00_000000+0000.wav,FINISHED,CREATED
NEAMS,2020_07_10_23_00_00_000000+0000.wav,FINISHED,CREATED
NEAMS,2020_07_11_01_00_00_000000+0000.wav,FINISHED,CREATED
NEAMS,2020_07_11_09_00_00_000000+0000.wav,FINISHED,CREATED
NEAMS,2020_07_12_00_00_00_000000+0000.wav,FINISHED,CREATED
NEAMS,2020_07_12_07_00_00_000000+0000.wav,FINISHED,CREATED
NEAMS,2020_07_12_09_00_00_000000+0000.wav,FINISHED,CREATED
NEAMS,2020_07_13_15_00_00_000000+0000.wav,FINISHED,CREATED
NEAMS,2020_07_13_16_00_00_000000+0000.wav,FINISHED,CREATED
NEAMS,2020_07_13_20_00_00_000000+0000.wav,FINISHED,CREATED
NEAMS,2020_07_14_04_00_00_000000+0000.wav,FINISHED,CREATED
NEAMS,2020_07_14_13_00_00_000000+0000.wav,FINISHED,CREATED
NEAMS,2020_07_14_20_00_00_000000+0000.wav,FINISHED,CREATED
NEAMS,2020_07_14_23_00_00_000000+0000.wav,FINISHED,CREATED
NEAMS,2020_07_15_02_00_00_000000+0000.wav,FINISHED,CREATED
NEAMS,2020_07_15_04_00_00_000000+0000.wav,FINISHED,CREATED
NEAMS,2020_07_15_13_00_00_000000+0000.wav,FINISHED,CREATED
NEAMS,2020_07_15_15_00_00_000000+0000.wav,FINISHED,CREATED
NEAMS,2020_07_16_00_00_00_000000+0000.wav,FINISHED,CREATED
NEAMS,2020_07_16_09_00_00_000000+0000.wav,FINISHED,CREATED
NEAMS,2020_07_16_10_00_00_000000+0000.wav,FINISHED,CREATED
NEAMS,2020_07_16_12_00_00_000000+0000.wav,FINISHED,CREATED
NEAMS,2020_07_16_17_00_00_000000+0000.wav,FINISHED,CREATED
NEAMS,2020_07_17_20_00_00_000000+0000.wav,FINISHED,CREATED
NEAMS,2020_07_18_13_00_00_000000+0000.wav,FINISHED,CREATED
NEAMS,2020_07_18_14_00_00_000000+0000.wav,FINISHED,CREATED
NEAMS,2020_07_19_05_00_00_000000+0000.wav,FINISHED,CREATED
NEAMS,2020_07_19_11_00_00_000000+0000.wav,FINISHED,CREATED
NEAMS,2020_07_20_02_00_00_000000+0000.wav,FINISHED,CREATED
NEAMS,2020_07_20_21_00_00_000000+0000.wav,FINISHED,CREATED
NEAMS,2020_07_21_06_00_00_000000+0000.wav,FINISHED,CREATED
NEAMS,2020_07_21_11_00_00_000000+0000.wav,FINISHED,CREATED
NEAMS,2020_07_21_13_00_00_000000+0000.wav,FINISHED,CREATED
NEAMS,2020_07_21_17_00_00_000000+0000.wav,FINISHED,CREATED
NEAMS,2020_07_21_19_00_00_000000+0000.wav,FINISHED,CREATED
NEAMS,2020_07_22_06_00_00_000000+0000.wav,FINISHED,CREATED
NEAMS,2020_07_22_16_00_00_000000+0000.wav,FINISHED,CREATED
NEAMS,2020_07_23_18_00_00_000000+0000.wav,FINISHED,CREATED
NEAMS,2020_07_24_03_00_00_000000+0000.wav,FINISHED,CREATED
NEAMS,2020_07_24_10_00_00_000000+0000.wav,FINISHED,CREATED
NEAMS,2020_07_25_00_00_00_000000+0000.wav,FINISHED,CREATED
NEAMS,2020_07_25_22_00_00_000000+0000.wav,FINISHED,CREATED
NEAMS,2020_07_25_23_00_00_000000+0000.wav,FINISHED,CREATED
NEAMS,2020_07_26_10_00_00_000000+0000.wav,FINISHED,CREATED
NEAMS,2020_07_26_14_00_00_000000+0000.wav,FINISHED,CREATED
NEAMS,2020_07_26_19_00_00_000000+0000.wav,FINISHED,CREATED
NEAMS,2020_07_26_20_00_00_000000+0000.wav,FINISHED,CREATED
NEAMS,2020_07_27_06_00_00_000000+0000.wav,FINISHED,CREATED
NEAMS,2020_07_27_17_00_00_000000+0000.wav,FINISHED,CREATED
NEAMS,2020_07_27_18_00_00_000000+0000.wav,FINISHED,CREATED
NEAMS,2020_07_28_03_00_00_000000+0000.wav,FINISHED,CREATED
NEAMS,2020_07_28_09_00_00_000000+0000.wav,FINISHED,CREATED
NEAMS,2020_07_29_05_00_00_000000+0000.wav,FINISHED,CREATED
NEAMS,2020_07_29_12_00_00_000000+0000.wav,FINISHED,CREATED
NEAMS,2020_07_29_17_00_00_000000+0000.wav,FINISHED,CREATED
NEAMS,2020_07_29_23_00_00_000000+0000.wav,FINISHED,CREATED
NEAMS,2020_07_30_13_00_00_000000+0000.wav,FINISHED,CREATED
NEAMS,2020_07_30_14_00_00_000000+0000.wav,FINISHED,CREATED
NEAMS,2020_07_30_18_00_00_000000+0000.wav,FINISHED,CREATED
NEAMS,2020_07_31_02_00_00_000000+0000.wav,FINISHED,CREATED
NEAMS,2020_07_31_08_00_00_000000+0000.wav,FINISHED,CREATED
NEAMS,2020_08_01_00_00_00_000000+0000.wav,FINISHED,CREATED
NEAMS,2020_08_02_04_00_00_000000+0000.wav,FINISHED,CREATED
NEAMS,2020_08_02_19_00_00_000000+0000.wav,FINISHED,CREATED
NEAMS,2020_08_03_20_00_00_000000+0000.wav,FINISHED,CREATED
NEAMS,2020_08_04_08_00_00_000000+0000.wav,FINISHED,CREATED
NEAMS,2020_08_05_11_00_00_000000+0000.wav,FINISHED,CREATED
NEAMS,2020_08_06_05_00_00_000000+0000.wav,FINISHED,CREATED
NEAMS,2020_08_06_07_00_00_000000+0000.wav,FINISHED,CREATED
NEAMS,2020_08_07_00_00_00_000000+0000.wav,FINISHED,CREATED
NEAMS,2020_08_07_22_00_00_000000+0000.wav,FINISHED,CREATED
NEAMS,2020_08_08_07_00_00_000000+0000.wav,FINISHED,CREATED
NEAMS,2020_08_08_15_00_00_000000+0000.wav,FINISHED,CREATED
NEAMS,2020_08_09_23_00_00_000000+0000.wav,FINISHED,CREATED
NEAMS,2020_08_10_00_00_00_000000+0000.wav,FINISHED,CREATED
NEAMS,2020_08_10_05_00_00_000000+0000.wav,FINISHED,CREATED
NEAMS,2020_08_10_22_00_00_000000+0000.wav,FINISHED,CREATED
NEAMS,2020_08_11_21_00_00_000000+0000.wav,FINISHED,CREATED
NEAMS,2020_08_12_04_00_00_000000+0000.wav,FINISHED,CREATED
NEAMS,2020_08_12_09_00_00_000000+0000.wav,FINISHED,CREATED
NEAMS,2020_08_12_12_00_00_000000+0000.wav,FINISHED,CREATED
NEAMS,2020_08_12_18_00_00_000000+0000.wav,FINISHED,CREATED
NEAMS,2020_08_13_03_00_00_000000+0000.wav,FINISHED,CREATED
NEAMS,2020_08_13_11_00_00_000000+0000.wav,FINISHED,CREATED
NEAMS,2020_08_14_08_00_00_000000+0000.wav,FINISHED,CREATED
NEAMS,2020_08_14_09_00_00_000000+0000.wav,FINISHED,CREATED
NEAMS,2020_08_15_08_00_00_000000+0000.wav,FINISHED,CREATED
NEAMS,2020_08_15_18_00_00_000000+0000.wav,FINISHED,CREATED
NEAMS,2020_08_15_22_00_00_000000+0000.wav,FINISHED,CREATED
NEAMS,2020_08_16_22_00_00_000000+0000.wav,FINISHED,CREATED
NEAMS,2020_08_17_08_00_00_000000+0000.wav,FINISHED,CREATED
NEAMS,2020_08_17_12_00_00_000000+0000.wav,FINISHED,CREATED
NEAMS,2020_08_19_16_00_00_000000+0000.wav,FINISHED,CREATED
NEAMS,2020_08_19_21_00_00_000000+0000.wav,FINISHED,CREATED
NEAMS,2020_08_19_22_00_00_000000+0000.wav,FINISHED,CREATED
NEAMS,2020_08_20_10_00_00_000000+0000.wav,FINISHED,CREATED
NEAMS,2020_08_20_15_00_00_000000+0000.wav,FINISHED,CREATED
NEAMS,2020_08_22_00_00_00_000000+0000.wav,FINISHED,CREATED
NEAMS,2020_08_22_01_00_00_000000+0000.wav,FINISHED,CREATED
NEAMS,2020_08_22_22_00_00_000000+0000.wav,FINISHED,CREATED
NEAMS,2020_08_23_03_00_00_000000+0000.wav,FINISHED,CREATED
NEAMS,2020_08_23_13_00_00_000000+0000.wav,FINISHED,CREATED
NEAMS,2020_08_23_14_00_00_000000+0000.wav,FINISHED,CREATED
NEAMS,2020_08_23_19_00_00_000000+0000.wav,FINISHED,CREATED
NEAMS,2020_08_24_00_00_00_000000+0000.wav,FINISHED,CREATED
NEAMS,2020_08_24_15_00_00_000000+0000.wav,FINISHED,CREATED
NEAMS,2020_08_24_21_00_00_000000+0000.wav,FINISHED,CREATED
NEAMS,2020_08_24_22_00_00_000000+0000.wav,FINISHED,CREATED
NEAMS,2020_08_25_01_00_00_000000+0000.wav,FINISHED,CREATED
NEAMS,2020_08_25_03_00_00_000000+0000.wav,FINISHED,CREATED
NEAMS,2020_08_26_08_00_00_000000+0000.wav,FINISHED,CREATED
NEAMS,2020_08_26_13_00_00_000000+0000.wav,FINISHED,CREATED
NEAMS,2020_08_27_16_00_00_000000+0000.wav,FINISHED,CREATED
NEAMS,2020_08_28_05_00_00_000000+0000.wav,FINISHED,CREATED
NEAMS,2020_08_28_08_00_00_000000+0000.wav,FINISHED,CREATED
NEAMS,2020_08_28_12_00_00_000000+0000.wav,FINISHED,CREATED
NEAMS,2020_08_29_07_00_00_000000+0000.wav,FINISHED,CREATED
NEAMS,2020_08_29_11_00_00_000000+0000.wav,FINISHED,CREATED
NEAMS,2020_08_30_02_00_00_000000+0000.wav,FINISHED,CREATED
NEAMS,2020_08_30_09_00_00_000000+0000.wav,FINISHED,CREATED
NEAMS,2020_08_30_10_00_00_000000+0000.wav,FINISHED,CREATED
NEAMS,2020_08_30_16_00_00_000000+0000.wav,FINISHED,CREATED
NEAMS,2020_08_31_01_00_00_000000+0000.wav,FINISHED,CREATED
NEAMS,2020_08_31_06_00_00_000000+0000.wav,FINISHED,CREATED
NEAMS,2020_08_31_23_00_00_000000+0000.wav,FINISHED,CREATED
NEAMS,2020_09_01_07_00_00_000000+0000.wav,FINISHED,CREATED
NEAMS,2020_09_01_08_00_00_000000+0000.wav,FINISHED,CREATED
NEAMS,2020_09_02_03_00_00_000000+0000.wav,FINISHED,CREATED
NEAMS,2020_09_02_09_00_00_000000+0000.wav,FINISHED,CREATED
NEAMS,2020_09_02_12_00_00_000000+0000.wav,FINISHED,CREATED
NEAMS,2020_09_02_16_00_00_000000+0000.wav,FINISHED,CREATED
NEAMS,2020_09_02_21_00_00_000000+0000.wav,FINISHED,CREATED
NEAMS,2020_09_03_07_00_00_000000+0000.wav,FINISHED,CREATED
NEAMS,2020_09_04_06_00_00_000000+0000.wav,FINISHED,CREATED
NEAMS,2020_09_04_15_00_00_000000+0000.wav,FINISHED,CREATED
NEAMS,2020_09_05_05_00_00_000000+0000.wav,FINISHED,CREATED
NEAMS,2020_09_06_17_00_00_000000+0000.wav,FINISHED,CREATED
NEAMS,2020_09_06_22_00_00_000000+0000.wav,FINISHED,CREATED
NEAMS,2020_09_07_08_00_00_000000+0000.wav,FINISHED,CREATED
NEAMS,2020_09_07_16_00_00_000000+0000.wav,FINISHED,CREATED
NEAMS,2020_09_07_17_00_00_000000+0000.wav,FINISHED,CREATED
NEAMS,2020_09_08_15_00_00_000000+0000.wav,FINISHED,CREATED
NEAMS,2020_09_08_19_00_00_000000+0000.wav,FINISHED,CREATED
NEAMS,2020_09_09_17_00_00_000000+0000.wav,FINISHED,CREATED
NEAMS,2020_09_09_19_00_00_000000+0000.wav,FINISHED,CREATED
NEAMS,2020_09_10_04_00_00_000000+0000.wav,FINISHED,CREATED
NEAMS,2020_09_10_05_00_00_000000+0000.wav,FINISHED,CREATED
NEAMS,2020_09_10_10_00_00_000000+0000.wav,FINISHED,CREATED
NEAMS,2020_09_11_00_00_00_000000+0000.wav,FINISHED,CREATED
NEAMS,2020_09_11_09_00_00_000000+0000.wav,FINISHED,CREATED
NEAMS,2020_09_11_12_00_00_000000+0000.wav,FINISHED,CREATED
NEAMS,2020_09_11_13_00_00_000000+0000.wav,FINISHED,CREATED
NEAMS,2020_09_11_15_00_00_000000+0000.wav,FINISHED,CREATED
NEAMS,2020_09_11_19_00_00_000000+0000.wav,FINISHED,CREATED
NEAMS,2020_09_12_01_00_00_000000+0000.wav,FINISHED,CREATED
NEAMS,2020_09_12_16_00_00_000000+0000.wav,FINISHED,CREATED
NEAMS,2020_09_13_00_00_00_000000+0000.wav,FINISHED,CREATED
NEAMS,2020_09_13_01_00_00_000000+0000.wav,FINISHED,CREATED
NEAMS,2020_09_13_11_00_00_000000+0000.wav,FINISHED,CREATED
NEAMS,2020_09_13_16_00_00_000000+0000.wav,FINISHED,CREATED
NEAMS,2020_09_14_19_00_00_000000+0000.wav,FINISHED,CREATED
NEAMS,2020_09_15_14_00_00_000000+0000.wav,FINISHED,CREATED
NEAMS,2020_09_16_02_00_00_000000+0000.wav,FINISHED,CREATED
NEAMS,2020_09_16_07_00_00_000000+0000.wav,FINISHED,CREATED
NEAMS,2020_09_16_10_00_00_000000+0000.wav,FINISHED,CREATED
NEAMS,2020_09_17_10_00_00_000000+0000.wav,FINISHED,CREATED
NEAMS,2020_09_18_01_00_00_000000+0000.wav,FINISHED,CREATED
NEAMS,2020_09_18_07_00_00_000000+0000.wav,FINISHED,CREATED
NEAMS,2020_09_19_03_00_00_000000+0000.wav,FINISHED,CREATED
NEAMS,2020_09_19_15_00_00_000000+0000.wav,FINISHED,CREATED
NEAMS,2020_09_19_23_00_00_000000+0000.wav,FINISHED,CREATED
NEAMS,2020_09_20_21_00_00_000000+0000.wav,FINISHED,CREATED
NEAMS,2020_09_22_06_00_00_000000+0000.wav,FINISHED,CREATED
NEAMS,2020_09_22_18_00_00_000000+0000.wav,FINISHED,CREATED
NEAMS,2020_09_23_22_00_00_000000+0000.wav,FINISHED,CREATED
NEAMS,2020_09_24_03_00_00_000000+0000.wav,FINISHED,CREATED
NEAMS,2020_09_24_19_00_00_000000+0000.wav,FINISHED,CREATED
NEAMS,2020_09_25_09_00_00_000000+0000.wav,FINISHED,CREATED
NEAMS,2020_09_25_15_00_00_000000+0000.wav,FINISHED,CREATED
NEAMS,2020_09_25_17_00_00_000000+0000.wav,FINISHED,CREATED
NEAMS,2020_09_25_19_00_00_000000+0000.wav,FINISHED,CREATED
NEAMS,2020_09_25_23_00_00_000000+0000.wav,FINISHED,CREATED
NEAMS,2020_09_26_01_00_00_000000+0000.wav,FINISHED,CREATED
NEAMS,2020_09_26_02_00_00_000000+0000.wav,FINISHED,CREATED
NEAMS,2020_09_26_10_00_00_000000+0000.wav,FINISHED,CREATED
NEAMS,2020_09_26_15_00_00_000000+0000.wav,FINISHED,CREATED
NEAMS,2020_09_26_16_00_00_000000+0000.wav,FINISHED,CREATED
NEAMS,2020_09_27_07_00_00_000000+0000.wav,FINISHED,CREATED
NEAMS,2020_09_27_11_00_00_000000+0000.wav,FINISHED,CREATED
NEAMS,2020_09_27_23_00_00_000000+0000.wav,FINISHED,CREATED
NEAMS,2020_09_28_00_00_00_000000+0000.wav,FINISHED,CREATED
NEAMS,2020_09_28_01_00_00_000000+0000.wav,FINISHED,CREATED
NEAMS,2020_09_28_18_00_00_000000+0000.wav,FINISHED,CREATED
NEAMS,2020_09_28_19_00_00_000000+0000.wav,FINISHED,CREATED
NEAMS,2020_09_28_22_00_00_000000+0000.wav,FINISHED,CREATED
NEAMS,2020_09_29_01_00_00_000000+0000.wav,FINISHED,CREATED
NEAMS,2020_09_29_05_00_00_000000+0000.wav,FINISHED,CREATED
NEAMS,2020_09_29_11_00_00_000000+0000.wav,FINISHED,CREATED
NEAMS,2020_09_29_12_00_00_000000+0000.wav,FINISHED,CREATED
NEAMS,2020_09_30_06_00_00_000000+0000.wav,FINISHED,CREATED
NEAMS,2020_09_30_08_00_00_000000+0000.wav,FINISHED,CREATED
NEAMS,2020_09_30_21_00_00_000000+0000.wav,FINISHED,CREATED
NEAMS,2020_10_02_09_00_00_000000+0000.wav,FINISHED,CREATED
NEAMS,2020_10_03_06_00_00_000000+0000.wav,FINISHED,CREATED
NEAMS,2020_10_04_00_00_00_000000+0000.wav,FINISHED,CREATED
NEAMS,2020_10_04_03_00_00_000000+0000.wav,FINISHED,CREATED
NEAMS,2020_10_04_11_00_00_000000+0000.wav,FINISHED,CREATED
NEAMS,2020_10_04_13_00_00_000000+0000.wav,FINISHED,CREATED
NEAMS,2020_10_04_20_00_00_000000+0000.wav,FINISHED,CREATED
NEAMS,2020_10_06_09_00_00_000000+0000.wav,FINISHED,CREATED
NEAMS,2020_10_06_20_00_00_000000+0000.wav,FINISHED,CREATED
NEAMS,2020_10_07_00_00_00_000000+0000.wav,FINISHED,CREATED
NEAMS,2020_10_07_02_00_00_000000+0000.wav,FINISHED,CREATED
NEAMS,2020_10_07_04_00_00_000000+0000.wav,FINISHED,CREATED
NEAMS,2020_10_08_05_00_00_000000+0000.wav,FINISHED,CREATED
NEAMS,2020_10_09_20_00_00_000000+0000.wav,FINISHED,CREATED
NEAMS,2020_10_10_02_00_00_000000+0000.wav,FINISHED,CREATED
NEAMS,2020_10_10_06_00_00_000000+0000.wav,FINISHED,CREATED
NEAMS,2020_10_10_15_00_00_000000+0000.wav,FINISHED,CREATED
NEAMS,2020_10_10_20_00_00_000000+0000.wav,FINISHED,CREATED
NEAMS,2020_10_10_23_00_00_000000+0000.wav,FINISHED,CREATED
NEAMS,2020_10_11_05_00_00_000000+0000.wav,FINISHED,CREATED
NEAMS,2020_10_11_08_00_00_000000+0000.wav,FINISHED,CREATED
NEAMS,2020_10_12_05_00_00_000000+0000.wav,FINISHED,CREATED
NEAMS,2020_10_12_13_00_00_000000+0000.wav,FINISHED,CREATED
NEAMS,2020_10_13_17_00_00_000000+0000.wav,FINISHED,CREATED
NEAMS,2020_10_14_04_00_00_000000+0000.wav,FINISHED,CREATED
NEAMS,2020_10_14_12_00_00_000000+0000.wav,FINISHED,CREATED
NEAMS,2020_10_15_04_00_00_000000+0000.wav,FINISHED,CREATED
NEAMS,2020_10_15_16_00_00_000000+0000.wav,FINISHED,CREATED
NEAMS,2020_10_15_20_00_00_000000+0000.wav,FINISHED,CREATED
NEAMS,2020_10_15_21_00_00_000000+0000.wav,FINISHED,CREATED
NEAMS,2020_10_16_21_00_00_000000+0000.wav,FINISHED,CREATED
NEAMS,2020_10_17_14_00_00_000000+0000.wav,FINISHED,CREATED
NEAMS,2020_10_18_02_00_00_000000+0000.wav,FINISHED,CREATED
NEAMS,2020_10_18_03_00_00_000000+0000.wav,FINISHED,CREATED
NEAMS,2020_10_18_05_00_00_000000+0000.wav,FINISHED,CREATED
NEAMS,2020_10_18_22_00_00_000000+0000.wav,FINISHED,CREATED
NEAMS,2020_10_19_00_00_00_000000+0000.wav,FINISHED,CREATED
NEAMS,2020_10_19_08_00_00_000000+0000.wav,FINISHED,CREATED
NEAMS,2020_10_19_18_00_00_000000+0000.wav,FINISHED,CREATED
NEAMS,2020_10_19_23_00_00_000000+0000.wav,FINISHED,CREATED
NEAMS,2020_10_20_17_00_00_000000+0000.wav,FINISHED,CREATED
NEAMS,2020_10_21_00_00_00_000000+0000.wav,FINISHED,CREATED
NEAMS,2020_10_21_10_00_00_000000+0000.wav,FINISHED,CREATED
NEAMS,2020_10_21_20_00_00_000000+0000.wav,FINISHED,CREATED
NEAMS,2020_10_22_22_00_00_000000+0000.wav,FINISHED,CREATED
NEAMS,2020_10_23_02_00_00_000000+0000.wav,FINISHED,CREATED
NEAMS,2020_10_23_04_00_00_000000+0000.wav,FINISHED,CREATED
NEAMS,2020_10_24_10_00_00_000000+0000.wav,FINISHED,CREATED
NEAMS,2020_10_25_06_00_00_000000+0000.wav,FINISHED,CREATED
NEAMS,2020_10_25_14_00_00_000000+0000.wav,FINISHED,CREATED
NEAMS,2020_10_25_15_00_00_000000+0000.wav,FINISHED,CREATED
NEAMS,2020_10_26_21_00_00_000000+0000.wav,FINISHED,CREATED
NEAMS,2020_10_27_04_00_00_000000+0000.wav,FINISHED,CREATED
NEAMS,2020_10_27_06_00_00_000000+0000.wav,FINISHED,CREATED
NEAMS,2020_10_27_07_00_00_000000+0000.wav,FINISHED,CREATED
NEAMS,2020_10_28_13_00_00_000000+0000.wav,FINISHED,CREATED
NEAMS,2020_10_28_14_00_00_000000+0000.wav,FINISHED,CREATED
NEAMS,2020_10_28_22_00_00_000000+0000.wav,FINISHED,CREATED
NEAMS,2020_10_30_05_00_00_000000+0000.wav,FINISHED,CREATED
NEAMS,2020_10_31_01_00_00_000000+0000.wav,FINISHED,CREATED
NEAMS,2020_10_31_08_00_00_000000+0000.wav,FINISHED,CREATED
NEAMS,2020_11_01_02_00_00_000000+0000.wav,FINISHED,CREATED
NEAMS,2020_11_01_11_00_00_000000+0000.wav,FINISHED,CREATED
NEAMS,2020_11_01_12_00_00_000000+0000.wav,FINISHED,CREATED
NEAMS,2020_11_02_02_00_00_000000+0000.wav,FINISHED,CREATED
NEAMS,2020_11_02_09_00_00_000000+0000.wav,FINISHED,CREATED
NEAMS,2020_11_02_12_00_00_000000+0000.wav,FINISHED,CREATED
NEAMS,2020_11_03_03_00_00_000000+0000.wav,FINISHED,CREATED
NEAMS,2020_11_03_09_00_00_000000+0000.wav,FINISHED,CREATED
NEAMS,2020_11_03_15_00_00_000000+0000.wav,FINISHED,CREATED
NEAMS,2020_11_03_18_00_00_000000+0000.wav,FINISHED,CREATED
NEAMS,2020_11_04_11_00_00_000000+0000.wav,FINISHED,CREATED
NEAMS,2020_11_04_15_00_00_000000+0000.wav,FINISHED,CREATED
NEAMS,2020_11_04_16_00_00_000000+0000.wav,FINISHED,CREATED
NEAMS,2020_11_04_18_00_00_000000+0000.wav,FINISHED,CREATED
NEAMS,2020_11_05_17_00_00_000000+0000.wav,FINISHED,CREATED
NEAMS,2020_11_06_02_00_00_000000+0000.wav,FINISHED,CREATED
NEAMS,2020_11_07_00_00_00_000000+0000.wav,FINISHED,CREATED
NEAMS,2020_11_07_08_00_00_000000+0000.wav,FINISHED,CREATED
NEAMS,2020_11_07_14_00_00_000000+0000.wav,FINISHED,CREATED
NEAMS,2020_11_07_15_00_00_000000+0000.wav,FINISHED,CREATED
NEAMS,2020_11_08_06_00_00_000000+0000.wav,FINISHED,CREATED
NEAMS,2020_11_08_17_00_00_000000+0000.wav,FINISHED,CREATED
NEAMS,2020_11_08_20_00_00_000000+0000.wav,FINISHED,CREATED
NEAMS,2020_11_09_00_00_00_000000+0000.wav,FINISHED,CREATED
NEAMS,2020_11_10_02_00_00_000000+0000.wav,FINISHED,CREATED
NEAMS,2020_11_10_03_00_00_000000+0000.wav,FINISHED,CREATED
NEAMS,2020_11_10_04_00_00_000000+0000.wav,FINISHED,CREATED
NEAMS,2020_11_11_01_00_00_000000+0000.wav,FINISHED,CREATED
NEAMS,2020_11_11_20_00_00_000000+0000.wav,FINISHED,CREATED
NEAMS,2020_11_12_09_00_00_000000+0000.wav,FINISHED,CREATED
NEAMS,2020_11_12_11_00_00_000000+0000.wav,FINISHED,CREATED
NEAMS,2020_11_15_00_00_00_000000+0000.wav,FINISHED,CREATED
NEAMS,2020_11_16_09_00_00_000000+0000.wav,FINISHED,CREATED
NEAMS,2020_11_16_16_00_00_000000+0000.wav,FINISHED,CREATED
NEAMS,2020_11_16_22_00_00_000000+0000.wav,FINISHED,CREATED
NEAMS,2020_11_17_17_00_00_000000+0000.wav,FINISHED,CREATED
NEAMS,2020_11_18_14_00_00_000000+0000.wav,FINISHED,CREATED
NEAMS,2020_11_18_21_00_00_000000+0000.wav,FINISHED,CREATED
NEAMS,2020_11_19_00_00_00_000000+0000.wav,FINISHED,CREATED
NEAMS,2020_11_19_04_00_00_000000+0000.wav,FINISHED,CREATED
NEAMS,2020_11_19_13_00_00_000000+0000.wav,FINISHED,CREATED
NEAMS,2020_11_20_04_00_00_000000+0000.wav,FINISHED,CREATED
NEAMS,2020_11_20_16_00_00_000000+0000.wav,FINISHED,CREATED
NEAMS,2020_11_21_08_00_00_000000+0000.wav,FINISHED,CREATED
NEAMS,2020_11_21_13_00_00_000000+0000.wav,FINISHED,CREATED
NEAMS,2020_11_22_06_00_00_000000+0000.wav,FINISHED,CREATED
NEAMS,2020_11_22_13_00_00_000000+0000.wav,FINISHED,CREATED
NEAMS,2020_11_23_06_00_00_000000+0000.wav,FINISHED,CREATED
NEAMS,2020_11_23_14_00_00_000000+0000.wav,FINISHED,CREATED
NEAMS,2020_11_23_22_00_00_000000+0000.wav,FINISHED,CREATED
NEAMS,2020_11_24_04_00_00_000000+0000.wav,FINISHED,CREATED
NEAMS,2020_11_24_23_00_00_000000+0000.wav,FINISHED,CREATED
NEAMS,2020_11_25_19_00_00_000000+0000.wav,FINISHED,CREATED
NEAMS,2020_11_26_06_00_00_000000+0000.wav,FINISHED,CREATED
NEAMS,2020_11_27_09_00_00_000000+0000.wav,FINISHED,CREATED
NEAMS,2020_11_27_15_00_00_000000+0000.wav,FINISHED,CREATED
NEAMS,2020_11_27_17_00_00_000000+0000.wav,FINISHED,CREATED
NEAMS,2020_11_27_19_00_00_000000+0000.wav,FINISHED,CREATED
NEAMS,2020_11_28_03_00_00_000000+0000.wav,FINISHED,CREATED
NEAMS,2020_11_28_15_00_00_000000+0000.wav,FINISHED,CREATED
NEAMS,2020_11_28_20_00_00_000000+0000.wav,FINISHED,CREATED
NEAMS,2020_11_29_23_00_00_000000+0000.wav,FINISHED,CREATED
NEAMS,2020_11_30_06_00_00_000000+0000.wav,FINISHED,CREATED
NEAMS,2020_11_30_08_00_00_000000+0000.wav,FINISHED,CREATED
NEAMS,2020_11_30_17_00_00_000000+0000.wav,FINISHED,CREATED
NEAMS,2020_12_01_07_00_00_000000+0000.wav,FINISHED,CREATED
NEAMS,2020_12_02_05_00_00_000000+0000.wav,FINISHED,CREATED
NEAMS,2020_12_02_14_00_00_000000+0000.wav,FINISHED,CREATED
NEAMS,2020_12_02_18_00_00_000000+0000.wav,FINISHED,CREATED
NEAMS,2020_12_02_20_00_00_000000+0000.wav,FINISHED,CREATED
NEAMS,2020_12_02_22_00_00_000000+0000.wav,FINISHED,CREATED
NEAMS,2020_12_03_21_00_00_000000+0000.wav,FINISHED,CREATED
NEAMS,2020_12_04_06_00_00_000000+0000.wav,FINISHED,CREATED
NEAMS,2020_12_04_07_00_00_000000+0000.wav,FINISHED,CREATED
NEAMS,2020_12_04_11_00_00_000000+0000.wav,FINISHED,CREATED
NEAMS,2020_12_04_12_00_00_000000+0000.wav,FINISHED,CREATED
NEAMS,2020_12_04_15_00_00_000000+0000.wav,FINISHED,CREATED
NEAMS,2020_12_05_01_00_00_000000+0000.wav,FINISHED,CREATED
NEAMS,2020_12_05_06_00_00_000000+0000.wav,FINISHED,CREATED
NEAMS,2020_12_05_16_00_00_000000+0000.wav,FINISHED,CREATED
NEAMS,2020_12_06_12_00_00_000000+0000.wav,FINISHED,CREATED
NEAMS,2020_12_06_18_00_00_000000+0000.wav,FINISHED,CREATED
NEAMS,2020_12_07_08_00_00_000000+0000.wav,FINISHED,CREATED
NEAMS,2020_12_07_15_00_00_000000+0000.wav,FINISHED,CREATED
NEAMS,2020_12_08_16_00_00_000000+0000.wav,FINISHED,CREATED
NEAMS,2020_12_08_21_00_00_000000+0000.wav,FINISHED,CREATED
NEAMS,2020_12_09_00_00_00_000000+0000.wav,FINISHED,CREATED
NEAMS,2020_12_09_08_00_00_000000+0000.wav,FINISHED,CREATED
NEAMS,2020_12_10_14_00_00_000000+0000.wav,FINISHED,CREATED
NEAMS,2020_12_10_15_00_00_000000+0000.wav,FINISHED,CREATED
NEAMS,2020_12_10_17_00_00_000000+0000.wav,FINISHED,CREATED
NEAMS,2020_12_11_06_00_00_000000+0000.wav,FINISHED,CREATED
NEAMS,2020_12_11_12_00_00_000000+0000.wav,FINISHED,CREATED
NEAMS,2020_12_12_10_00_00_000000+0000.wav,FINISHED,CREATED
NEAMS,2020_12_12_21_00_00_000000+0000.wav,FINISHED,CREATED
NEAMS,2020_12_14_03_00_00_000000+0000.wav,FINISHED,CREATED
NEAMS,2020_12_14_07_00_00_000000+0000.wav,FINISHED,CREATED
NEAMS,2020_12_14_15_00_00_000000+0000.wav,FINISHED,CREATED
NEAMS,2020_12_14_16_00_00_000000+0000.wav,FINISHED,CREATED
NEAMS,2020_12_14_23_00_00_000000+0000.wav,FINISHED,CREATED
NEAMS,2020_12_15_22_00_00_000000+0000.wav,FINISHED,CREATED
NEAMS,2020_12_16_11_00_00_000000+0000.wav,FINISHED,CREATED
NEAMS,2020_12_17_13_00_00_000000+0000.wav,FINISHED,CREATED
NEAMS,2020_12_18_14_00_00_000000+0000.wav,FINISHED,CREATED
NEAMS,2020_12_18_16_00_00_000000+0000.wav,FINISHED,CREATED
NEAMS,2020_12_18_18_00_00_000000+0000.wav,FINISHED,CREATED
NEAMS,2020_12_18_22_00_00_000000+0000.wav,FINISHED,CREATED
NEAMS,2020_12_19_12_00_00_000000+0000.wav,FINISHED,CREATED
NEAMS,2020_12_20_05_00_00_000000+0000.wav,FINISHED,CREATED
NEAMS,2020_12_20_10_00_00_000000+0000.wav,FINISHED,CREATED
NEAMS,2020_12_20_12_00_00_000000+0000.wav,FINISHED,CREATED
NEAMS,2020_12_20_16_00_00_000000+0000.wav,FINISHED,CREATED
NEAMS,2020_12_20_19_00_00_000000+0000.wav,FINISHED,CREATED
NEAMS,2020_12_21_08_00_00_000000+0000.wav,FINISHED,CREATED
NEAMS,2020_12_21_13_00_00_000000+0000.wav,FINISHED,CREATED
NEAMS,2020_12_21_17_00_00_000000+0000.wav,FINISHED,CREATED
NEAMS,2020_12_22_02_00_00_000000+0000.wav,FINISHED,CREATED
NEAMS,2020_12_23_03_00_00_000000+0000.wav,FINISHED,CREATED
NEAMS,2020_12_23_05_00_00_000000+0000.wav,FINISHED,CREATED
NEAMS,2020_12_23_10_00_00_000000+0000.wav,FINISHED,CREATED
NEAMS,2020_12_23_12_00_00_000000+0000.wav,FINISHED,CREATED
NEAMS,2020_12_23_13_00_00_000000+0000.wav,FINISHED,CREATED
NEAMS,2020_12_25_01_00_00_000000+0000.wav,FINISHED,CREATED
NEAMS,2020_12_25_18_00_00_000000+0000.wav,FINISHED,CREATED
NEAMS,2020_12_27_03_00_00_000000+0000.wav,FINISHED,CREATED
NEAMS,2020_12_27_07_00_00_000000+0000.wav,FINISHED,CREATED
NEAMS,2020_12_27_08_00_00_000000+0000.wav,FINISHED,CREATED
NEAMS,2020_12_27_16_00_00_000000+0000.wav,FINISHED,CREATED
NEAMS,2020_12_27_21_00_00_000000+0000.wav,FINISHED,CREATED
NEAMS,2020_12_27_22_00_00_000000+0000.wav,FINISHED,CREATED
NEAMS,2020_12_28_06_00_00_000000+0000.wav,FINISHED,CREATED
NEAMS,2020_12_28_15_00_00_000000+0000.wav,FINISHED,CREATED
NEAMS,2020_12_28_19_00_00_000000+0000.wav,FINISHED,CREATED
NEAMS,2020_12_28_21_00_00_000000+0000.wav,FINISHED,CREATED
NEAMS,2020_12_29_01_00_00_000000+0000.wav,FINISHED,CREATED
NEAMS,2020_12_29_07_00_00_000000+0000.wav,FINISHED,CREATED
NEAMS,2020_12_30_17_00_00_000000+0000.wav,FINISHED,CREATED
NEAMS,2020_12_30_18_00_00_000000+0000.wav,FINISHED,CREATED
NEAMS,2020_12_30_20_00_00_000000+0000.wav,FINISHED,CREATED
NEAMS,2020_12_30_21_00_00_000000+0000.wav,FINISHED,CREATED
NEAMS,2020_12_31_09_00_00_000000+0000.wav,FINISHED,CREATED
NEAMS,2020_12_31_14_00_00_000000+0000.wav,FINISHED,CREATED
NEAMS,2021_01_01_07_00_00_000000+0000.wav,FINISHED,CREATED
NEAMS,2021_01_02_03_00_00_000000+0000.wav,FINISHED,CREATED
NEAMS,2021_01_02_13_00_00_000000+0000.wav,FINISHED,CREATED
NEAMS,2021_01_02_18_00_00_000000+0000.wav,FINISHED,CREATED
NEAMS,2021_01_02_21_00_00_000000+0000.wav,FINISHED,CREATED
NEAMS,2021_01_03_00_00_00_000000+0000.wav,FINISHED,CREATED
NEAMS,2021_01_04_01_00_00_000000+0000.wav,FINISHED,CREATED
NEAMS,2021_01_05_03_00_00_000000+0000.wav,FINISHED,CREATED
NEAMS,2021_01_05_09_00_00_000000+0000.wav,FINISHED,CREATED
NEAMS,2021_01_05_16_00_00_000000+0000.wav,FINISHED,CREATED
NEAMS,2021_01_06_07_00_00_000000+0000.wav,FINISHED,CREATED
NEAMS,2021_01_06_09_00_00_000000+0000.wav,FINISHED,CREATED
NEAMS,2021_01_06_13_00_00_000000+0000.wav,FINISHED,CREATED
NEAMS,2021_01_07_01_00_00_000000+0000.wav,FINISHED,CREATED
NEAMS,2021_01_07_13_00_00_000000+0000.wav,FINISHED,CREATED
NEAMS,2021_01_08_06_00_00_000000+0000.wav,FINISHED,CREATED
NEAMS,2021_01_08_11_00_00_000000+0000.wav,FINISHED,CREATED
NEAMS,2021_01_08_12_00_00_000000+0000.wav,FINISHED,CREATED
NEAMS,2021_01_08_16_00_00_000000+0000.wav,FINISHED,CREATED
NEAMS,2021_01_08_19_00_00_000000+0000.wav,FINISHED,CREATED
NEAMS,2021_01_09_02_00_00_000000+0000.wav,FINISHED,CREATED
NEAMS,2021_01_10_19_00_00_000000+0000.wav,FINISHED,CREATED
NEAMS,2021_01_11_10_00_00_000000+0000.wav,FINISHED,CREATED
NEAMS,2021_01_11_15_00_00_000000+0000.wav,FINISHED,CREATED
NEAMS,2021_01_11_19_00_00_000000+0000.wav,FINISHED,CREATED
NEAMS,2021_01_11_22_00_00_000000+0000.wav,FINISHED,CREATED
NEAMS,2021_01_11_23_00_00_000000+0000.wav,FINISHED,CREATED
NEAMS,2021_01_12_09_00_00_000000+0000.wav,FINISHED,CREATED
NEAMS,2021_01_12_16_00_00_000000+0000.wav,FINISHED,CREATED
NEAMS,2021_01_13_08_00_00_000000+0000.wav,FINISHED,CREATED
NEAMS,2021_01_13_12_00_00_000000+0000.wav,FINISHED,CREATED
NEAMS,2021_01_13_18_00_00_000000+0000.wav,FINISHED,CREATED
NEAMS,2021_01_13_19_00_00_000000+0000.wav,FINISHED,CREATED
NEAMS,2021_01_14_13_00_00_000000+0000.wav,FINISHED,CREATED
NEAMS,2021_01_14_23_00_00_000000+0000.wav,FINISHED,CREATED
NEAMS,2021_01_15_15_00_00_000000+0000.wav,FINISHED,CREATED
NEAMS,2021_01_16_13_00_00_000000+0000.wav,FINISHED,CREATED
NEAMS,2021_01_16_20_00_00_000000+0000.wav,FINISHED,CREATED
NEAMS,2021_01_17_01_00_00_000000+0000.wav,FINISHED,CREATED
NEAMS,2021_01_17_07_00_00_000000+0000.wav,FINISHED,CREATED
NEAMS,2021_01_17_12_00_00_000000+0000.wav,FINISHED,CREATED
NEAMS,2021_01_17_14_00_00_000000+0000.wav,FINISHED,CREATED
NEAMS,2021_01_18_01_00_00_000000+0000.wav,FINISHED,CREATED
NEAMS,2021_01_18_14_00_00_000000+0000.wav,FINISHED,CREATED
NEAMS,2021_01_19_09_00_00_000000+0000.wav,FINISHED,CREATED
NEAMS,2021_01_19_13_00_00_000000+0000.wav,FINISHED,CREATED
NEAMS,2021_01_19_14_00_00_000000+0000.wav,FINISHED,CREATED
NEAMS,2021_01_19_19_00_00_000000+0000.wav,FINISHED,CREATED
NEAMS,2021_01_20_00_00_00_000000+0000.wav,FINISHED,CREATED
NEAMS,2021_01_20_12_00_00_000000+0000.wav,FINISHED,CREATED
NEAMS,2021_01_20_13_00_00_000000+0000.wav,FINISHED,CREATED
NEAMS,2021_01_20_21_00_00_000000+0000.wav,FINISHED,CREATED
NEAMS,2021_01_20_23_00_00_000000+0000.wav,FINISHED,CREATED
NEAMS,2021_01_21_00_00_00_000000+0000.wav,FINISHED,CREATED
NEAMS,2021_01_21_07_00_00_000000+0000.wav,FINISHED,CREATED
NEAMS,2021_01_21_14_00_00_000000+0000.wav,FINISHED,CREATED
NEAMS,2021_01_21_22_00_00_000000+0000.wav,FINISHED,CREATED
NEAMS,2021_01_22_03_00_00_000000+0000.wav,FINISHED,CREATED
NEAMS,2021_01_22_12_00_00_000000+0000.wav,FINISHED,CREATED
NEAMS,2021_01_22_21_00_00_000000+0000.wav,FINISHED,CREATED
NEAMS,2021_01_22_23_00_00_000000+0000.wav,FINISHED,CREATED
NEAMS,2021_01_23_04_00_00_000000+0000.wav,FINISHED,CREATED
NEAMS,2021_01_23_18_00_00_000000+0000.wav,FINISHED,CREATED
NEAMS,2021_01_24_07_00_00_000000+0000.wav,FINISHED,CREATED
NEAMS,2021_01_24_15_00_00_000000+0000.wav,FINISHED,CREATED
NEAMS,2021_01_24_21_00_00_000000+0000.wav,FINISHED,CREATED
NEAMS,2021_01_25_00_00_00_000000+0000.wav,FINISHED,CREATED
NEAMS,2021_01_25_14_00_00_000000+0000.wav,FINISHED,CREATED
